{
  "slug": "stray-kids-fandom",
  "title": "Stray Kids 덕력 테스트",
  "type": "mcq",
  "category": "덕력 테스트",
  "badge": "덕력",
  "questions": [
    {
      "text": "다음 중 Stray Kids 멤버가 **아닌** 사람은?",
      "options": [
        {
          "label": "FELIX"
        },
        {
          "label": "SEUNGMIN"
        },
        {
          "label": "홍길동"
        },
        {
          "label": "LEE KNOW"
        }
      ],
      "correct_index": 2,
      "explain": ""
    },
    {
      "text": "Stray Kids의 공식 팬덤명은?",
      "options": [
        {
          "label": "ARMY"
        },
        {
          "label": "STAY"
        },
        {
          "label": "STAY"
        },
        {
          "label": "ONCE"
        }
      ],
      "correct_index": 1,
      "explain": ""
    },
    {
      "text": "Stray Kids의 소속(레이블)은?",
      "options": [
        {
          "label": "JYP Entertainment"
        },
        {
          "label": "JYP Entertainment"
        },
        {
          "label": "SM Entertainment"
        },
        {
          "label": "YG Entertainment"
        }
      ],
      "correct_index": 0,
      "explain": ""
    },
    {
      "text": "Stray Kids의 현재 구성원 수는?",
      "options": [
        {
          "label": "10"
        },
        {
          "label": "9"
        },
        {
          "label": "7"
        },
        {
          "label": "8"
        }
      ],
      "correct_index": 3,
      "explain": ""
    },
    {
      "text": "Stray Kids의 데뷔 연도는?",
      "options": [
        {
          "label": "2018"
        },
        {
          "label": "2020"
        },
        {
          "label": "2019"
        },
        {
          "label": "2017"
        }
      ],
      "correct_index": 0,
      "explain": ""
    },
    {
      "text": "다음 중 Stray Kids의 곡은?",
      "options": [
        {
          "label": "DDU-DU DDU-DU"
        },
        {
          "label": "Feel My Rhythm"
        },
        {
          "label": "District 9"
        },
        {
          "label": "FEARLESS"
        }
      ],
      "correct_index": 2,
      "explain": ""
    },
    {
      "text": "다음 중 Stray Kids의 곡이 **아닌** 것은?",
      "options": [
        {
          "label": "Feel My Rhythm"
        },
        {
          "label": "Thunderous"
        },
        {
          "label": "God's Menu"
        },
        {
          "label": "District 9"
        }
      ],
      "correct_index": 0,
      "explain": ""
    },
    {
      "text": "Stray Kids의 리더는?",
      "options": [
        {
          "label": "HAN"
        },
        {
          "label": "LEE KNOW"
        },
        {
          "label": "CHANGBIN"
        },
        {
          "label": "BANG CHAN"
        }
      ],
      "correct_index": 3,
      "explain": ""
    },
    {
      "text": "다음 중 Stray Kids의 곡은?",
      "options": [
        {
          "label": "TT"
        },
        {
          "label": "Hype Boy"
        },
        {
          "label": "Cheer Up"
        },
        {
          "label": "District 9"
        }
      ],
      "correct_index": 3,
      "explain": ""
    },
    {
      "text": "다음 중 Stray Kids의 곡이 **아닌** 것은?",
      "options": [
        {
          "label": "Thunderous"
        },
        {
          "label": "District 9"
        },
        {
          "label": "God's Menu"
        },
        {
          "label": "Next Level"
        }
      ],
      "correct_index": 3,
      "explain": ""
    },
    {
      "text": "다음 중 Stray Kids의 곡은?",
      "options": [
        {
          "label": "Square Two"
        },
        {
          "label": "Perfect Red Velvet"
        },
        {
          "label": "GO生"
        },
        {
          "label": "Skool Luv Affair"
        }
      ],
      "correct_index": 2,
      "explain": ""
    },
    {
      "text": "Stray Kids의 메인보컬/보컬 라인에 속하는 인물은?",
      "options": [
        {
          "label": "LEE KNOW"
        },
        {
          "label": "SEUNGMIN"
        },
        {
          "label": "HAN"
        },
        {
          "label": "CHANGBIN"
        }
      ],
      "correct_index": 1,
      "explain": ""
    }
  ],
  "scoring": {
    "per_question": 1,
    "correct_gets": 1,
    "wrong_gets": 0
  },
  "result_bands": [
    {
      "min": 0,
      "max": 3,
      "label": "새싹 STAY",
      "desc": "Stray Kids의 이름·대표곡을 막 익힌 단계! 퀴즈로 기초를 다졌어요. 데뷔곡·팬덤명·소속사를 한 번 더 복습해보면 금방 성장합니다."
    },
    {
      "min": 4,
      "max": 6,
      "label": "응원단 STAY",
      "desc": "멤버/팬덤/대표곡 정보가 제법 탄탄합니다. 응원법·활동 타임라인을 조금만 더 보면 실전 감각이 붙어요."
    },
    {
      "min": 7,
      "max": 9,
      "label": "서포트 에이스",
      "desc": "멤버 포지션·소속사·데뷔 연도까지 꽤 정확해요. 신곡/앨범이 뜨면 바로 플레이하는 STAY의 에이스!"
    },
    {
      "min": 10,
      "max": 11,
      "label": "코어 STAY",
      "desc": "활동 히스토리와 대표 앨범을 술술! 컴백/콘서트 공지도 손에 잡히네요. 친구 입덕도 자신 있게 안내할 수 있어요."
    },
    {
      "min": 12,
      "max": 12,
      "label": "레전드 Stray Kids 도슨트",
      "desc": "퀴즈 만점! 데뷔-대표곡-앨범까지 막힘없어요. Stray Kids 박사님, 오늘도 STAY의 길잡이 역할 기대합니다."
    }
  ],
  "disclaimer": "이 테스트는 팬 활동을 재미로 점검하는 용도로 제작되었습니다."
}