{
  "categories": [
    "엔터테인먼트",
    "연애&결혼",
    "라이프스타일",
    "교육",
    "부모&육아"
  ],
  "items": [
    {
      "slug": "teenping-mbti",
      "title": "티니핑 MBTI 유형테스트",
      "subtitle": "12문항으로 알아보는 나와 닮은 티니핑 (비공식)",
      "category": "엔터테인먼트",
      "badge": "MBTI",
      "author": "유형테스트"
    },
    {
      "slug": "love-style",
      "title": "이번 달 내 사랑운",
      "subtitle": "12문항으로 보는 이달의 연애 흐름 (엔터테인먼트)",
      "category": "연애&결혼",
      "badge": "운세",
      "author": "유형테스트"
    },
    {
      "slug": "love-rank",
      "title": "연애 직급 테스트",
      "subtitle": "12문항으로 알아보는 내 연애 직급",
      "category": "연애&결혼",
      "badge": "연애",
      "author": "유형테스트"
    },
    {
      "slug": "study-habit",
      "title": "공부 습관 자가진단",
      "subtitle": "집중/계획/실행 습관 점검",
      "category": "교육",
      "badge": "습관",
      "author": "유형테스트"
    },
    {
      "slug": "leaf-level",
      "title": "깻잎 레벨 테스트",
      "subtitle": "관여·자율의 경계 어디쯤?",
      "category": "연애&결혼",
      "badge": "연애",
      "author": "유형테스트"
    },
    {
      "slug": "love-thermo",
      "title": "내 연애 녹는점·끓는점",
      "subtitle": "호감이 녹는 순간 vs. 화가 끓는 순간",
      "category": "연애&결혼",
      "badge": "연애",
      "author": "유형테스트"
    },
    {
      "slug": "k-parent",
      "title": "K-부모 테스트",
      "subtitle": "한국형 양육 문화를 나는 얼마나 닮았나",
      "category": "부모&육아",
      "badge": "부모",
      "author": "유형테스트"
    },
    {
      "slug": "office-pastlife",
      "title": "직장인 전생 테스트 (팬메이드)",
      "subtitle": "내 업무 습관으로 추정한 전생 스타일",
      "category": "엔터테인먼트",
      "badge": "전생",
      "author": "유형테스트"
    },
    {
      "slug": "geumjjok",
      "title": "금쪽이 테스트 (팬메이드)",
      "subtitle": "내 안의 금쪽력(?)을 가볍게 점검",
      "category": "부모&육아",
      "badge": "성향",
      "author": "유형테스트"
    },
    {
      "slug": "mom-type",
      "title": "당신은 어떤 엄마일까요?",
      "subtitle": "돌봄·규칙·공감의 균형을 체크",
      "category": "부모&육아",
      "badge": "부모",
      "author": "유형테스트"
    }
  ]
}