{
  "slug": "attachment-style",
  "title": "애착 스타일 스펙트럼",
  "type": "likert",
  "scale": "0-4",
  "category": "연애&결혼",
  "badge": "성향",
  "desc": "성인 애착 이론을 바탕으로 관계에서의 기본 반응 경향을 간단히 점검합니다. (자기이해용)",
  "questions": [
    {
      "text": "상대가 답장을 늦게 보내면 불안감이 커진다",
      "options": [
        {
          "label": "전혀 아니다",
          "score": 0
        },
        {
          "label": "아니다",
          "score": 1
        },
        {
          "label": "보통이다",
          "score": 2
        },
        {
          "label": "그렇다",
          "score": 3
        },
        {
          "label": "매우 그렇다",
          "score": 4
        }
      ]
    },
    {
      "text": "갈등이 생기면 감정보다 거리를 두고 정리하고 싶다",
      "options": [
        {
          "label": "전혀 아니다",
          "score": 0
        },
        {
          "label": "아니다",
          "score": 1
        },
        {
          "label": "보통이다",
          "score": 2
        },
        {
          "label": "그렇다",
          "score": 3
        },
        {
          "label": "매우 그렇다",
          "score": 4
        }
      ]
    },
    {
      "text": "상대에게 기대거나 의지하는 것이 편안하다",
      "options": [
        {
          "label": "전혀 아니다",
          "score": 0
        },
        {
          "label": "아니다",
          "score": 1
        },
        {
          "label": "보통이다",
          "score": 2
        },
        {
          "label": "그렇다",
          "score": 3
        },
        {
          "label": "매우 그렇다",
          "score": 4
        }
      ]
    },
    {
      "text": "연인과 떨어져 있을 때도 서로에 대한 신뢰를 유지한다",
      "options": [
        {
          "label": "전혀 아니다",
          "score": 0
        },
        {
          "label": "아니다",
          "score": 1
        },
        {
          "label": "보통이다",
          "score": 2
        },
        {
          "label": "그렇다",
          "score": 3
        },
        {
          "label": "매우 그렇다",
          "score": 4
        }
      ]
    },
    {
      "text": "관계에서 거절·비판에 과하게 민감해진다",
      "options": [
        {
          "label": "전혀 아니다",
          "score": 0
        },
        {
          "label": "아니다",
          "score": 1
        },
        {
          "label": "보통이다",
          "score": 2
        },
        {
          "label": "그렇다",
          "score": 3
        },
        {
          "label": "매우 그렇다",
          "score": 4
        }
      ]
    },
    {
      "text": "자주 연락·확인을 받고 싶다",
      "options": [
        {
          "label": "전혀 아니다",
          "score": 0
        },
        {
          "label": "아니다",
          "score": 1
        },
        {
          "label": "보통이다",
          "score": 2
        },
        {
          "label": "그렇다",
          "score": 3
        },
        {
          "label": "매우 그렇다",
          "score": 4
        }
      ]
    },
    {
      "text": "가까운 사이에서도 개인 시간과 공간이 꼭 필요하다",
      "options": [
        {
          "label": "전혀 아니다",
          "score": 0
        },
        {
          "label": "아니다",
          "score": 1
        },
        {
          "label": "보통이다",
          "score": 2
        },
        {
          "label": "그렇다",
          "score": 3
        },
        {
          "label": "매우 그렇다",
          "score": 4
        }
      ]
    },
    {
      "text": "상대가 다가오면 한 발 물러나고, 멀어지면 다시 끌린다",
      "options": [
        {
          "label": "전혀 아니다",
          "score": 0
        },
        {
          "label": "아니다",
          "score": 1
        },
        {
          "label": "보통이다",
          "score": 2
        },
        {
          "label": "그렇다",
          "score": 3
        },
        {
          "label": "매우 그렇다",
          "score": 4
        }
      ]
    }
  ],
  "results": [
    {
      "range": [
        0,
        8
      ],
      "label": "안정적 애착",
      "desc": "감정 표현과 의존·자율의 균형이 잘 잡힌 타입. 갈등 시에도 대화를 통해 안전감을 복원합니다."
    },
    {
      "range": [
        9,
        17
      ],
      "label": "불안 경향",
      "desc": "관계의 안정성에 민감하고 확인을 자주 필요로 합니다. 자기위안 루틴과 명확한 약속이 도움이 됩니다."
    },
    {
      "range": [
        18,
        26
      ],
      "label": "회피 경향",
      "desc": "독립성과 자율을 중시해 과한 가까움을 부담스러워합니다. 감정 라벨링·점진적 개방이 유익합니다."
    },
    {
      "range": [
        27,
        32
      ],
      "label": "혼재/양가 경향",
      "desc": "가까워지고 싶지만 동시에 회피 충동도 큽니다. 안정감 자원(루틴·지지)을 먼저 세우면 좋아요."
    }
  ],
  "scoring": {
    "engine": "sum-range"
  },
  "disclaimer": "이 테스트는 오락/자기점검용이며 의학적·심리학적 진단이 아닙니다."
}