{
  "slug": "boundaries-index",
  "title": "개인 경계 선명도",
  "type": "likert",
  "scale": "0-4",
  "category": "라이프스타일",
  "badge": "지표",
  "desc": "관계에서 나의 기준·선호·한계를 얼마나 분명히 다루는지 봅니다.",
  "questions": [
    {
      "text": "부담스러운 요청에 ‘아니오’를 말할 수 있다",
      "options": [
        {
          "label": "전혀 아니다",
          "score": 0
        },
        {
          "label": "아니다",
          "score": 1
        },
        {
          "label": "보통이다",
          "score": 2
        },
        {
          "label": "그렇다",
          "score": 3
        },
        {
          "label": "매우 그렇다",
          "score": 4
        }
      ]
    },
    {
      "text": "나의 시간·공간·감정을 보호하는 규칙이 있다",
      "options": [
        {
          "label": "전혀 아니다",
          "score": 0
        },
        {
          "label": "아니다",
          "score": 1
        },
        {
          "label": "보통이다",
          "score": 2
        },
        {
          "label": "그렇다",
          "score": 3
        },
        {
          "label": "매우 그렇다",
          "score": 4
        }
      ]
    },
    {
      "text": "상대의 감정 책임을 과도하게 떠맡지 않는다",
      "options": [
        {
          "label": "전혀 아니다",
          "score": 0
        },
        {
          "label": "아니다",
          "score": 1
        },
        {
          "label": "보통이다",
          "score": 2
        },
        {
          "label": "그렇다",
          "score": 3
        },
        {
          "label": "매우 그렇다",
          "score": 4
        }
      ]
    },
    {
      "text": "관계에서 원하는 바를 직접적으로 표현한다",
      "options": [
        {
          "label": "전혀 아니다",
          "score": 0
        },
        {
          "label": "아니다",
          "score": 1
        },
        {
          "label": "보통이다",
          "score": 2
        },
        {
          "label": "그렇다",
          "score": 3
        },
        {
          "label": "매우 그렇다",
          "score": 4
        }
      ]
    },
    {
      "text": "경계를 넘는 행동에 즉시 피드백한다",
      "options": [
        {
          "label": "전혀 아니다",
          "score": 0
        },
        {
          "label": "아니다",
          "score": 1
        },
        {
          "label": "보통이다",
          "score": 2
        },
        {
          "label": "그렇다",
          "score": 3
        },
        {
          "label": "매우 그렇다",
          "score": 4
        }
      ]
    },
    {
      "text": "미안함 때문에 원치 않는 약속을 잡지 않는다",
      "options": [
        {
          "label": "전혀 아니다",
          "score": 0
        },
        {
          "label": "아니다",
          "score": 1
        },
        {
          "label": "보통이다",
          "score": 2
        },
        {
          "label": "그렇다",
          "score": 3
        },
        {
          "label": "매우 그렇다",
          "score": 4
        }
      ]
    },
    {
      "text": "내 계획을 흔드는 급작스런 요구에 선을 그을 수 있다",
      "options": [
        {
          "label": "전혀 아니다",
          "score": 0
        },
        {
          "label": "아니다",
          "score": 1
        },
        {
          "label": "보통이다",
          "score": 2
        },
        {
          "label": "그렇다",
          "score": 3
        },
        {
          "label": "매우 그렇다",
          "score": 4
        }
      ]
    },
    {
      "text": "상대의 경계도 존중하려 노력한다",
      "options": [
        {
          "label": "전혀 아니다",
          "score": 0
        },
        {
          "label": "아니다",
          "score": 1
        },
        {
          "label": "보통이다",
          "score": 2
        },
        {
          "label": "그렇다",
          "score": 3
        },
        {
          "label": "매우 그렇다",
          "score": 4
        }
      ]
    }
  ],
  "results": [
    {
      "range": [
        0,
        8
      ],
      "label": "경계 뚜렷",
      "desc": "요구·한계·책임이 선명합니다. 관계의 신뢰와 효율을 높입니다."
    },
    {
      "range": [
        9,
        17
      ],
      "label": "상황 조절형",
      "desc": "맥락에 따라 유연하게 조절합니다. 지속 피로가 생기지 않게 기준을 점검하세요."
    },
    {
      "range": [
        18,
        26
      ],
      "label": "관계우선/유연",
      "desc": "배려가 크지만 소진 위험이 있습니다. ‘핵심 경계’만큼은 단단히 지키세요."
    },
    {
      "range": [
        27,
        32
      ],
      "label": "경계 흐림",
      "desc": "요구 거절·표현이 어렵습니다. 작은 ‘거절 연습’부터 시작해보세요."
    }
  ],
  "scoring": {
    "engine": "sum-range"
  },
  "disclaimer": "이 테스트는 오락/자기점검용이며 의학적·심리학적 진단이 아닙니다."
}