{
  "slug": "remote-work-fit",
  "title": "원격근무 적합 경향",
  "type": "likert",
  "scale": "0-4",
  "category": "커리어",
  "badge": "지표",
  "desc": "원격 환경에서 성과를 내는 데 필요한 요소들을 점검합니다.",
  "questions": [
    {
      "text": "일과 휴식의 경계를 스스로 지킬 수 있다",
      "options": [
        {
          "label": "전혀 아니다",
          "score": 0
        },
        {
          "label": "아니다",
          "score": 1
        },
        {
          "label": "보통이다",
          "score": 2
        },
        {
          "label": "그렇다",
          "score": 3
        },
        {
          "label": "매우 그렇다",
          "score": 4
        }
      ]
    },
    {
      "text": "비동기 소통(문서·이슈)으로도 협업이 된다",
      "options": [
        {
          "label": "전혀 아니다",
          "score": 0
        },
        {
          "label": "아니다",
          "score": 1
        },
        {
          "label": "보통이다",
          "score": 2
        },
        {
          "label": "그렇다",
          "score": 3
        },
        {
          "label": "매우 그렇다",
          "score": 4
        }
      ]
    },
    {
      "text": "집중 시간과 회의 시간을 명확히 나눈다",
      "options": [
        {
          "label": "전혀 아니다",
          "score": 0
        },
        {
          "label": "아니다",
          "score": 1
        },
        {
          "label": "보통이다",
          "score": 2
        },
        {
          "label": "그렇다",
          "score": 3
        },
        {
          "label": "매우 그렇다",
          "score": 4
        }
      ]
    },
    {
      "text": "집·카페 등 작업 환경을 잘 세팅한다",
      "options": [
        {
          "label": "전혀 아니다",
          "score": 0
        },
        {
          "label": "아니다",
          "score": 1
        },
        {
          "label": "보통이다",
          "score": 2
        },
        {
          "label": "그렇다",
          "score": 3
        },
        {
          "label": "매우 그렇다",
          "score": 4
        }
      ]
    },
    {
      "text": "진척을 문서·지표로 투명하게 공유한다",
      "options": [
        {
          "label": "전혀 아니다",
          "score": 0
        },
        {
          "label": "아니다",
          "score": 1
        },
        {
          "label": "보통이다",
          "score": 2
        },
        {
          "label": "그렇다",
          "score": 3
        },
        {
          "label": "매우 그렇다",
          "score": 4
        }
      ]
    },
    {
      "text": "필요시 즉시 소통 채널을 열 수 있다",
      "options": [
        {
          "label": "전혀 아니다",
          "score": 0
        },
        {
          "label": "아니다",
          "score": 1
        },
        {
          "label": "보통이다",
          "score": 2
        },
        {
          "label": "그렇다",
          "score": 3
        },
        {
          "label": "매우 그렇다",
          "score": 4
        }
      ]
    },
    {
      "text": "자기 동기부여 루틴이 잘 작동한다",
      "options": [
        {
          "label": "전혀 아니다",
          "score": 0
        },
        {
          "label": "아니다",
          "score": 1
        },
        {
          "label": "보통이다",
          "score": 2
        },
        {
          "label": "그렇다",
          "score": 3
        },
        {
          "label": "매우 그렇다",
          "score": 4
        }
      ]
    },
    {
      "text": "시차·문화 차이를 존중하며 협업한다",
      "options": [
        {
          "label": "전혀 아니다",
          "score": 0
        },
        {
          "label": "아니다",
          "score": 1
        },
        {
          "label": "보통이다",
          "score": 2
        },
        {
          "label": "그렇다",
          "score": 3
        },
        {
          "label": "매우 그렇다",
          "score": 4
        }
      ]
    }
  ],
  "results": [
    {
      "range": [
        0,
        8
      ],
      "label": "높은 적합",
      "desc": "자율·소통·환경이 잘 갖춰져 있습니다. 팀 규칙과도 잘 맞습니다."
    },
    {
      "range": [
        9,
        16
      ],
      "label": "조건부 적합",
      "desc": "핵심은 준비되어 있습니다. 몇 가지 습관/환경 보완이 필요합니다."
    },
    {
      "range": [
        17,
        24
      ],
      "label": "부분 적합",
      "desc": "일부 제약이 있습니다. 문서화·환경·리듬 중 약한 고리를 강화하세요."
    },
    {
      "range": [
        25,
        32
      ],
      "label": "낮은 적합",
      "desc": "현재는 오피스 환경이 더 맞을 수 있습니다. 점진 훈련으로 전환을 도모하세요."
    }
  ],
  "scoring": {
    "engine": "sum-range"
  },
  "disclaimer": "이 테스트는 오락/자기점검용이며 의학적·심리학적 진단이 아닙니다."
}