{
  "slug": "stress-coping-style",
  "title": "스트레스 대처 스타일",
  "type": "likert",
  "scale": "0-4",
  "category": "라이프스타일",
  "badge": "지표",
  "desc": "스트레스 상황에서 주로 쓰는 대처 전략을 알아봅니다.",
  "questions": [
    {
      "text": "문제를 목록화하고 해결 계획을 세운다",
      "options": [
        {
          "label": "전혀 아니다",
          "score": 0
        },
        {
          "label": "아니다",
          "score": 1
        },
        {
          "label": "보통이다",
          "score": 2
        },
        {
          "label": "그렇다",
          "score": 3
        },
        {
          "label": "매우 그렇다",
          "score": 4
        }
      ]
    },
    {
      "text": "감정을 글·명상 등으로 가라앉힌다",
      "options": [
        {
          "label": "전혀 아니다",
          "score": 0
        },
        {
          "label": "아니다",
          "score": 1
        },
        {
          "label": "보통이다",
          "score": 2
        },
        {
          "label": "그렇다",
          "score": 3
        },
        {
          "label": "매우 그렇다",
          "score": 4
        }
      ]
    },
    {
      "text": "일단 그 자리를 벗어나 휴식한다",
      "options": [
        {
          "label": "전혀 아니다",
          "score": 0
        },
        {
          "label": "아니다",
          "score": 1
        },
        {
          "label": "보통이다",
          "score": 2
        },
        {
          "label": "그렇다",
          "score": 3
        },
        {
          "label": "매우 그렇다",
          "score": 4
        }
      ]
    },
    {
      "text": "주변의 도움·조언을 적극 구한다",
      "options": [
        {
          "label": "전혀 아니다",
          "score": 0
        },
        {
          "label": "아니다",
          "score": 1
        },
        {
          "label": "보통이다",
          "score": 2
        },
        {
          "label": "그렇다",
          "score": 3
        },
        {
          "label": "매우 그렇다",
          "score": 4
        }
      ]
    },
    {
      "text": "상황을 재해석해 의미를 찾는다",
      "options": [
        {
          "label": "전혀 아니다",
          "score": 0
        },
        {
          "label": "아니다",
          "score": 1
        },
        {
          "label": "보통이다",
          "score": 2
        },
        {
          "label": "그렇다",
          "score": 3
        },
        {
          "label": "매우 그렇다",
          "score": 4
        }
      ]
    },
    {
      "text": "가벼운 운동·호흡으로 몸을 진정시킨다",
      "options": [
        {
          "label": "전혀 아니다",
          "score": 0
        },
        {
          "label": "아니다",
          "score": 1
        },
        {
          "label": "보통이다",
          "score": 2
        },
        {
          "label": "그렇다",
          "score": 3
        },
        {
          "label": "매우 그렇다",
          "score": 4
        }
      ]
    },
    {
      "text": "작게 행동해 통제감을 회복한다",
      "options": [
        {
          "label": "전혀 아니다",
          "score": 0
        },
        {
          "label": "아니다",
          "score": 1
        },
        {
          "label": "보통이다",
          "score": 2
        },
        {
          "label": "그렇다",
          "score": 3
        },
        {
          "label": "매우 그렇다",
          "score": 4
        }
      ]
    },
    {
      "text": "시간을 두고 다시 시도한다",
      "options": [
        {
          "label": "전혀 아니다",
          "score": 0
        },
        {
          "label": "아니다",
          "score": 1
        },
        {
          "label": "보통이다",
          "score": 2
        },
        {
          "label": "그렇다",
          "score": 3
        },
        {
          "label": "매우 그렇다",
          "score": 4
        }
      ]
    }
  ],
  "results": [
    {
      "range": [
        0,
        8
      ],
      "label": "문제중심",
      "desc": "원인·계획으로 직접 대응합니다. 감정 돌봄도 병행하면 회복이 빨라집니다."
    },
    {
      "range": [
        9,
        17
      ],
      "label": "정서조절",
      "desc": "감정 관리에 능합니다. 행동 단서로 문제 접근도 조금씩 늘려보세요."
    },
    {
      "range": [
        18,
        26
      ],
      "label": "회피/유보",
      "desc": "휴식·거리두기를 선호합니다. 장기 회피로 굳지 않게 ‘재시도 시점’을 정하세요."
    },
    {
      "range": [
        27,
        32
      ],
      "label": "사회적 지지",
      "desc": "도움망을 활용합니다. 스스로의 판단·계획과 함께 쓰면 더 탄탄합니다."
    }
  ],
  "scoring": {
    "engine": "sum-range"
  },
  "disclaimer": "이 테스트는 오락/자기점검용이며 의학적·심리학적 진단이 아닙니다."
}