{
  "slug": "study-habit",
  "title": "공부 습관 자가진단",
  "subtitle": "집중·계획·실행 루틴 점검 (12문항)",
  "category": "교육",
  "badge": "습관",
  "author": "유형테스트",
  "version": "1.0.0",
  "scoring": {
    "engine": "sum-range"
  },
  "intro": "하루·주간 루틴, 집중 환경, 복습/기록, 마감·피드백 습관을 간단히 점검합니다. 각 문항에서 더 가까운 쪽을 선택하세요.",
  "questions": [
    {
      "id": "q1",
      "title": "일주일 공부 계획은?",
      "options": [
        {
          "id": "a",
          "label": "주간 목표를 세우고 시간 블록으로 배분한다",
          "score": 1
        },
        {
          "id": "b",
          "label": "그때그때 하고 싶은 것부터 한다",
          "score": 0
        }
      ]
    },
    {
      "id": "q2",
      "title": "하루 시작 루틴은?",
      "options": [
        {
          "id": "a",
          "label": "대체로 같은 시간·장소에서 시작한다",
          "score": 1
        },
        {
          "id": "b",
          "label": "상황에 맞춰 유동적으로 시작한다",
          "score": 0
        }
      ]
    },
    {
      "id": "q3",
      "title": "복습 습관은?",
      "options": [
        {
          "id": "a",
          "label": "학습 후 24~72시간 안에 복습한다",
          "score": 1
        },
        {
          "id": "b",
          "label": "복습은 종종 미룬다",
          "score": 0
        }
      ]
    },
    {
      "id": "q4",
      "title": "학습 기록은?",
      "options": [
        {
          "id": "a",
          "label": "공부 시간·진도를 로그로 기록한다",
          "score": 1
        },
        {
          "id": "b",
          "label": "기록은 거의 하지 않는다",
          "score": 0
        }
      ]
    },
    {
      "id": "q5",
      "title": "집중 환경 설정은?",
      "options": [
        {
          "id": "a",
          "label": "핸드폰 방해 차단/앱 제한 등으로 환경을 통제한다",
          "score": 1
        },
        {
          "id": "b",
          "label": "중간중간 확인해도 무방하다",
          "score": 0
        }
      ]
    },
    {
      "id": "q6",
      "title": "과제 수행 방식은?",
      "options": [
        {
          "id": "a",
          "label": "큰 과제를 작은 단위로 쪼개어 진행한다",
          "score": 1
        },
        {
          "id": "b",
          "label": "한 번에 몰아서 끝내는 편이다",
          "score": 0
        }
      ]
    },
    {
      "id": "q7",
      "title": "학습 방법은?",
      "options": [
        {
          "id": "a",
          "label": "스스로 퀴즈/모의고사로 테스트한다",
          "score": 1
        },
        {
          "id": "b",
          "label": "읽기·밑줄 중심이다",
          "score": 0
        }
      ]
    },
    {
      "id": "q8",
      "title": "노트/정리 방식은?",
      "options": [
        {
          "id": "a",
          "label": "키워드·메모로 요약한다",
          "score": 1
        },
        {
          "id": "b",
          "label": "전체 필기에 의존한다",
          "score": 0
        }
      ]
    },
    {
      "id": "q9",
      "title": "집중·휴식 사이클은?",
      "options": [
        {
          "id": "a",
          "label": "25~50분 집중 + 5~10분 휴식(포모도로 등)",
          "score": 1
        },
        {
          "id": "b",
          "label": "쉬지 않고 오래 버틴다",
          "score": 0
        }
      ]
    },
    {
      "id": "q10",
      "title": "시험/마감 전 컨디션 관리는?",
      "options": [
        {
          "id": "a",
          "label": "수면·휴식을 우선 확보한다",
          "score": 1
        },
        {
          "id": "b",
          "label": "벼락치기로 밤샘하는 편이다",
          "score": 0
        }
      ]
    },
    {
      "id": "q11",
      "title": "막힘/에러 대응은?",
      "options": [
        {
          "id": "a",
          "label": "질문·자료조사로 해결 경로를 찾는다",
          "score": 1
        },
        {
          "id": "b",
          "label": "모르면 넘어가고 다음에 본다",
          "score": 0
        }
      ]
    },
    {
      "id": "q12",
      "title": "마감 관리 방식은?",
      "options": [
        {
          "id": "a",
          "label": "마감에서 역산해 체크포인트를 만든다",
          "score": 1
        },
        {
          "id": "b",
          "label": "마감 직전에 몰아치는 편이다",
          "score": 0
        }
      ]
    }
  ],
  "results": [
    {
      "id": "seeker",
      "title": "루틴 탐색형",
      "range": [
        0,
        3
      ],
      "summary": "지금은 루틴을 만들어 가는 중!",
      "desc": [
        "동기와 환경에 따라 편차가 큰 편입니다.",
        "작은 승리를 빠르게 쌓아 올리면 궤도에 오릅니다."
      ],
      "strengths": [
        "유연한 시도",
        "새로운 방법 수용성"
      ],
      "cautions": [
        "일관성 부족",
        "과제 분할·복습 미흡"
      ],
      "tips": [
        "하루 20~40분 ‘고정 공부 창’부터 도입",
        "할 일 3개만 적는 3-Task Rule",
        "한 주에 1개 습관만 개선(미세 습관)"
      ],
      "study_routine": "매일 같은 시간 25분 집중 → 5분 정리(포모도로 1~2세트). 주 1회 회고 10분.",
      "focus_tips": [
        "핸드폰 비행기 모드",
        "웹 차단 30분",
        "책상 위 물·이어플러그"
      ],
      "toolkit": [
        "간단한 체크리스트 앱",
        "웹 사이트 차단기",
        "아날로그 타이머"
      ],
      "study_spots": [
        "도서관 열린 열람실",
        "조용한 카페 1시간권"
      ],
      "hashtags": [
        "#첫단추",
        "#작은승리",
        "#미세습관"
      ]
    },
    {
      "id": "balancer",
      "title": "균형 추구형",
      "range": [
        4,
        5
      ],
      "summary": "여러 역할을 조율하며 학습하는 멀티 플레이어.",
      "desc": [
        "여건에 따라 우선순위가 자주 바뀝니다.",
        "핵심 목표를 명료하게 만들면 효율이 올라갑니다."
      ],
      "strengths": [
        "상황 적응력",
        "장기전 체력"
      ],
      "cautions": [
        "우선순위 흔들림",
        "루틴 가변성 큼"
      ],
      "tips": [
        "주간 3대 목표(Outcome) 확정 → 시간 블록 3개 확보",
        "중요도 매트릭스로 과제 3개만 선택",
        "낮잠·산책 등 리셋 루틴 고정"
      ],
      "study_routine": "주 5일 × 2블록(각 50분 집중 + 10분 휴식). 금요일 20분 회고·다음 주 계획.",
      "focus_tips": [
        "알림 끄기",
        "노이즈 캔슬링",
        "작업 전 2분 정리"
      ],
      "toolkit": [
        "구글 캘린더/플래너",
        "포모도로 타이머",
        "Notion 학습 DB"
      ],
      "study_spots": [
        "집 책상(미니 화이트보드)",
        "스터디카페 A석"
      ],
      "hashtags": [
        "#우선순위",
        "#시간블록",
        "#회고"
      ]
    },
    {
      "id": "sprinter",
      "title": "몰입 스프린터",
      "range": [
        6,
        7
      ],
      "summary": "불이 붙으면 누구보다 빠른 추진력!",
      "desc": [
        "짧고 굵게 몰아치는 장점이 있습니다.",
        "페이스 조절과 회복 루틴을 더하면 성과가 안정됩니다."
      ],
      "strengths": [
        "집중력 폭발",
        "데드라인 추진력"
      ],
      "cautions": [
        "파동 심함",
        "과도한 밤샘"
      ],
      "tips": [
        "스프린트(90분) → 쿨다운(15분) 구조 설계",
        "밤샘 대신 ‘수면 최소치’ 가이드라인",
        "스스로 테스트(퀴즈/문풀) 비중 확대"
      ],
      "study_routine": "주 4일 × 스프린트 2회(각 45분+5분). 주말 1회 모의고사·오답노트.",
      "focus_tips": [
        "웹 차단 화이트리스트",
        "타이머 항상 켜두기",
        "간식·물 준비"
      ],
      "toolkit": [
        "Forest/StayFocusd",
        "Anki(암기)",
        "캠스캐너(오답 기록)"
      ],
      "study_spots": [
        "스터디룸(화이트보드)",
        "소음 일정한 카페"
      ],
      "hashtags": [
        "#스프린트",
        "#오답루틴",
        "#회복"
      ]
    },
    {
      "id": "steady",
      "title": "꾸준성 장인",
      "range": [
        8,
        9
      ],
      "summary": "루틴을 성실히 지키는 탄탄한 기본기.",
      "desc": [
        "작은 단위의 반복과 기록이 확실합니다.",
        "가끔 변주를 주면 동기와 재미가 유지됩니다."
      ],
      "strengths": [
        "일관성",
        "복습 시스템",
        "정리·기록"
      ],
      "cautions": [
        "변화 적응 느림",
        "동기 저하 구간"
      ],
      "tips": [
        "주 1회 ‘새로운 문제 유형’ 도입",
        "피드백 루프(질문·리뷰) 시간 고정",
        "Monthly → Weekly → Daily 3단 계획 연결"
      ],
      "study_routine": "매일 50분×2세트 + 저녁 20분 오답·복습. 일요일 30분 리셋.",
      "focus_tips": [
        "루틴 체크리스트",
        "진도 바 시각화",
        "저강도 배경음"
      ],
      "toolkit": [
        "Notion 템플릿",
        "타임트래킹(Clockify)",
        "Anki/Quizlet"
      ],
      "study_spots": [
        "집/도서관 번갈아 사용",
        "조명 밝은 좌석"
      ],
      "hashtags": [
        "#꾸준함",
        "#기본기",
        "#시스템"
      ]
    },
    {
      "id": "strategist",
      "title": "전략가 설계형",
      "range": [
        10,
        12
      ],
      "summary": "계획·분석·복습 설계로 안정적인 고성과.",
      "desc": [
        "목표 → 전략 → 실행 체크포인트가 명확합니다.",
        "지나친 계획 과부하는 즉흥성·휴식으로 균형잡으세요."
      ],
      "strengths": [
        "목표 분해·로드맵",
        "자기 테스트·회고",
        "위험관리"
      ],
      "cautions": [
        "오버플래닝",
        "과제 시작 지연"
      ],
      "tips": [
        "실행 80% / 계획 20% 비율 유지",
        "콜드 스타트용 5분 시작 규칙",
        "피로 누적 방지를 위한 비가역 휴식 블록"
      ],
      "study_routine": "주 6일 × 3블록(각 50+10). 하루 1회 도전 과제, 주 1회 모의고사.",
      "focus_tips": [
        "깊은 작업 전 브리핑 2분",
        "알림 0개",
        "난이도 곡선 설계"
      ],
      "toolkit": [
        "GTD 플래너",
        "Spaced Repetition",
        "오답DB(스프레드시트)"
      ],
      "study_spots": [
        "조명·온도 최적화된 고정 자리",
        "화이트노이즈"
      ],
      "hashtags": [
        "#전략",
        "#로드맵",
        "#깊은작업"
      ]
    }
  ]
}