{
  "slug": "team-role-lite",
  "title": "팀 내 역할 경향",
  "type": "likert",
  "scale": "0-4",
  "category": "커리어",
  "badge": "성향",
  "desc": "프로젝트에서 자연스럽게 맡는 역할 기울기를 점검합니다.",
  "questions": [
    {
      "text": "문제를 구조화하고 방향을 설정하는 데 강하다",
      "options": [
        {
          "label": "전혀 아니다",
          "score": 0
        },
        {
          "label": "아니다",
          "score": 1
        },
        {
          "label": "보통이다",
          "score": 2
        },
        {
          "label": "그렇다",
          "score": 3
        },
        {
          "label": "매우 그렇다",
          "score": 4
        }
      ]
    },
    {
      "text": "계획을 실제 실행으로 빠르게 전환한다",
      "options": [
        {
          "label": "전혀 아니다",
          "score": 0
        },
        {
          "label": "아니다",
          "score": 1
        },
        {
          "label": "보통이다",
          "score": 2
        },
        {
          "label": "그렇다",
          "score": 3
        },
        {
          "label": "매우 그렇다",
          "score": 4
        }
      ]
    },
    {
      "text": "사람·정보를 연결해 협업을 촉진한다",
      "options": [
        {
          "label": "전혀 아니다",
          "score": 0
        },
        {
          "label": "아니다",
          "score": 1
        },
        {
          "label": "보통이다",
          "score": 2
        },
        {
          "label": "그렇다",
          "score": 3
        },
        {
          "label": "매우 그렇다",
          "score": 4
        }
      ]
    },
    {
      "text": "리스크·품질 기준을 꼼꼼히 관리한다",
      "options": [
        {
          "label": "전혀 아니다",
          "score": 0
        },
        {
          "label": "아니다",
          "score": 1
        },
        {
          "label": "보통이다",
          "score": 2
        },
        {
          "label": "그렇다",
          "score": 3
        },
        {
          "label": "매우 그렇다",
          "score": 4
        }
      ]
    },
    {
      "text": "필요시 어려운 결정도 주저하지 않는다",
      "options": [
        {
          "label": "전혀 아니다",
          "score": 0
        },
        {
          "label": "아니다",
          "score": 1
        },
        {
          "label": "보통이다",
          "score": 2
        },
        {
          "label": "그렇다",
          "score": 3
        },
        {
          "label": "매우 그렇다",
          "score": 4
        }
      ]
    },
    {
      "text": "이해관계자와 소통해 저항을 낮춘다",
      "options": [
        {
          "label": "전혀 아니다",
          "score": 0
        },
        {
          "label": "아니다",
          "score": 1
        },
        {
          "label": "보통이다",
          "score": 2
        },
        {
          "label": "그렇다",
          "score": 3
        },
        {
          "label": "매우 그렇다",
          "score": 4
        }
      ]
    },
    {
      "text": "데이터·지표로 진척을 관리한다",
      "options": [
        {
          "label": "전혀 아니다",
          "score": 0
        },
        {
          "label": "아니다",
          "score": 1
        },
        {
          "label": "보통이다",
          "score": 2
        },
        {
          "label": "그렇다",
          "score": 3
        },
        {
          "label": "매우 그렇다",
          "score": 4
        }
      ]
    },
    {
      "text": "완료 정의(DoD)를 명확히 합의한다",
      "options": [
        {
          "label": "전혀 아니다",
          "score": 0
        },
        {
          "label": "아니다",
          "score": 1
        },
        {
          "label": "보통이다",
          "score": 2
        },
        {
          "label": "그렇다",
          "score": 3
        },
        {
          "label": "매우 그렇다",
          "score": 4
        }
      ]
    }
  ],
  "results": [
    {
      "range": [
        0,
        8
      ],
      "label": "전략 설계자",
      "desc": "문제 정의·방향 제시에 강합니다. 실행 파트너와 짝을 이루면 시너지가 큽니다."
    },
    {
      "range": [
        9,
        17
      ],
      "label": "실행 드라이버",
      "desc": "속도·추진력이 강점입니다. 리스크·품질 점검 파트너로 균형을 잡으세요."
    },
    {
      "range": [
        18,
        26
      ],
      "label": "조율 촉진자",
      "desc": "관계·정보 흐름을 최적화합니다. 목표·역할 경계를 분명히 하세요."
    },
    {
      "range": [
        27,
        32
      ],
      "label": "품질/리스크 관리자",
      "desc": "완성도·안전을 지킵니다. 과도한 보수성만 경계하면 베이스가 됩니다."
    }
  ],
  "scoring": {
    "engine": "sum-range"
  },
  "disclaimer": "이 테스트는 오락/자기점검용이며 의학적·심리학적 진단이 아닙니다."
}