{
  "slug": "conflict-approach",
  "title": "갈등 접근 경향",
  "type": "likert",
  "scale": "0-4",
  "category": "라이프스타일",
  "badge": "성향",
  "desc": "갈등 상황에서 당신이 기본적으로 무엇을 우선시하는지 살펴봅니다.",
  "questions": [
    {
      "text": "갈등이 생기면 원인과 해결책을 먼저 구조화한다",
      "options": [
        {
          "label": "전혀 아니다",
          "score": 0
        },
        {
          "label": "아니다",
          "score": 1
        },
        {
          "label": "보통이다",
          "score": 2
        },
        {
          "label": "그렇다",
          "score": 3
        },
        {
          "label": "매우 그렇다",
          "score": 4
        }
      ]
    },
    {
      "text": "상대의 감정이 정리될 때까지 결론을 서두르지 않는다",
      "options": [
        {
          "label": "전혀 아니다",
          "score": 0
        },
        {
          "label": "아니다",
          "score": 1
        },
        {
          "label": "보통이다",
          "score": 2
        },
        {
          "label": "그렇다",
          "score": 3
        },
        {
          "label": "매우 그렇다",
          "score": 4
        }
      ]
    },
    {
      "text": "필요하면 내 입장을 분명히 고수한다",
      "options": [
        {
          "label": "전혀 아니다",
          "score": 0
        },
        {
          "label": "아니다",
          "score": 1
        },
        {
          "label": "보통이다",
          "score": 2
        },
        {
          "label": "그렇다",
          "score": 3
        },
        {
          "label": "매우 그렇다",
          "score": 4
        }
      ]
    },
    {
      "text": "중간 지점을 찾아 타협하는 편이다",
      "options": [
        {
          "label": "전혀 아니다",
          "score": 0
        },
        {
          "label": "아니다",
          "score": 1
        },
        {
          "label": "보통이다",
          "score": 2
        },
        {
          "label": "그렇다",
          "score": 3
        },
        {
          "label": "매우 그렇다",
          "score": 4
        }
      ]
    },
    {
      "text": "갈등이 커질 조짐이면 일단 시간을 갖고 진정한다",
      "options": [
        {
          "label": "전혀 아니다",
          "score": 0
        },
        {
          "label": "아니다",
          "score": 1
        },
        {
          "label": "보통이다",
          "score": 2
        },
        {
          "label": "그렇다",
          "score": 3
        },
        {
          "label": "매우 그렇다",
          "score": 4
        }
      ]
    },
    {
      "text": "사실·데이터를 근거로 합의를 시도한다",
      "options": [
        {
          "label": "전혀 아니다",
          "score": 0
        },
        {
          "label": "아니다",
          "score": 1
        },
        {
          "label": "보통이다",
          "score": 2
        },
        {
          "label": "그렇다",
          "score": 3
        },
        {
          "label": "매우 그렇다",
          "score": 4
        }
      ]
    },
    {
      "text": "관계 손상보다 문제 해결 실패가 더 걱정된다",
      "options": [
        {
          "label": "전혀 아니다",
          "score": 0
        },
        {
          "label": "아니다",
          "score": 1
        },
        {
          "label": "보통이다",
          "score": 2
        },
        {
          "label": "그렇다",
          "score": 3
        },
        {
          "label": "매우 그렇다",
          "score": 4
        }
      ]
    },
    {
      "text": "필요한 한에서만 감정을 표현하고자 한다",
      "options": [
        {
          "label": "전혀 아니다",
          "score": 0
        },
        {
          "label": "아니다",
          "score": 1
        },
        {
          "label": "보통이다",
          "score": 2
        },
        {
          "label": "그렇다",
          "score": 3
        },
        {
          "label": "매우 그렇다",
          "score": 4
        }
      ]
    }
  ],
  "results": [
    {
      "range": [
        0,
        8
      ],
      "label": "문제해결 중심",
      "desc": "사실·데이터로 구조화해 합의를 이끕니다. 감정 다룸을 소홀히 하지 않도록 주의하세요."
    },
    {
      "range": [
        9,
        17
      ],
      "label": "관계중시/조율",
      "desc": "상대의 감정을 돌보며 속도를 조절합니다. 결론 미루기가 길어지지 않게 마감만 정해두세요."
    },
    {
      "range": [
        18,
        26
      ],
      "label": "타협/실용",
      "desc": "실행 가능성과 체면을 함께 고려합니다. 중요한 이슈는 원칙·기준을 먼저 합의하세요."
    },
    {
      "range": [
        27,
        32
      ],
      "label": "회피/유보",
      "desc": "증폭을 막기 위해 시간을 벌고자 합니다. 충분히 진정된 뒤 구조화된 대화가 도움이 됩니다."
    }
  ],
  "scoring": {
    "engine": "sum-range"
  },
  "disclaimer": "이 테스트는 오락/자기점검용이며 의학적·심리학적 진단이 아닙니다."
}