{
  "slug": "creativity-style",
  "title": "창의 문제해결 접근",
  "type": "likert",
  "scale": "0-4",
  "category": "커리어",
  "badge": "성향",
  "desc": "아이디어 발산 vs 선택·정제의 선호를 파악합니다.",
  "questions": [
    {
      "text": "아이디어를 많이 내보면 그중에 답이 있다",
      "options": [
        {
          "label": "전혀 아니다",
          "score": 0
        },
        {
          "label": "아니다",
          "score": 1
        },
        {
          "label": "보통이다",
          "score": 2
        },
        {
          "label": "그렇다",
          "score": 3
        },
        {
          "label": "매우 그렇다",
          "score": 4
        }
      ]
    },
    {
      "text": "제약 조건이 있을 때 오히려 더 창의적이다",
      "options": [
        {
          "label": "전혀 아니다",
          "score": 0
        },
        {
          "label": "아니다",
          "score": 1
        },
        {
          "label": "보통이다",
          "score": 2
        },
        {
          "label": "그렇다",
          "score": 3
        },
        {
          "label": "매우 그렇다",
          "score": 4
        }
      ]
    },
    {
      "text": "넓게 탐색 후 핵심 몇 가지로 압축하는 편이다",
      "options": [
        {
          "label": "전혀 아니다",
          "score": 0
        },
        {
          "label": "아니다",
          "score": 1
        },
        {
          "label": "보통이다",
          "score": 2
        },
        {
          "label": "그렇다",
          "score": 3
        },
        {
          "label": "매우 그렇다",
          "score": 4
        }
      ]
    },
    {
      "text": "비유·메타포로 설명하면 아이디어가 또 떠오른다",
      "options": [
        {
          "label": "전혀 아니다",
          "score": 0
        },
        {
          "label": "아니다",
          "score": 1
        },
        {
          "label": "보통이다",
          "score": 2
        },
        {
          "label": "그렇다",
          "score": 3
        },
        {
          "label": "매우 그렇다",
          "score": 4
        }
      ]
    },
    {
      "text": "스케치·프로토타입으로 빨리 검증한다",
      "options": [
        {
          "label": "전혀 아니다",
          "score": 0
        },
        {
          "label": "아니다",
          "score": 1
        },
        {
          "label": "보통이다",
          "score": 2
        },
        {
          "label": "그렇다",
          "score": 3
        },
        {
          "label": "매우 그렇다",
          "score": 4
        }
      ]
    },
    {
      "text": "기존 해법을 조합해 새로움을 만든다",
      "options": [
        {
          "label": "전혀 아니다",
          "score": 0
        },
        {
          "label": "아니다",
          "score": 1
        },
        {
          "label": "보통이다",
          "score": 2
        },
        {
          "label": "그렇다",
          "score": 3
        },
        {
          "label": "매우 그렇다",
          "score": 4
        }
      ]
    },
    {
      "text": "완성도보다 실험·수정의 속도를 중시한다",
      "options": [
        {
          "label": "전혀 아니다",
          "score": 0
        },
        {
          "label": "아니다",
          "score": 1
        },
        {
          "label": "보통이다",
          "score": 2
        },
        {
          "label": "그렇다",
          "score": 3
        },
        {
          "label": "매우 그렇다",
          "score": 4
        }
      ]
    },
    {
      "text": "의견 충돌을 통합해 더 나은 대안을 만든다",
      "options": [
        {
          "label": "전혀 아니다",
          "score": 0
        },
        {
          "label": "아니다",
          "score": 1
        },
        {
          "label": "보통이다",
          "score": 2
        },
        {
          "label": "그렇다",
          "score": 3
        },
        {
          "label": "매우 그렇다",
          "score": 4
        }
      ]
    }
  ],
  "results": [
    {
      "range": [
        0,
        8
      ],
      "label": "발산형",
      "desc": "많이 만들고 고르는 데 강합니다. 정제·선택 체크리스트로 보완하세요."
    },
    {
      "range": [
        9,
        17
      ],
      "label": "수렴형",
      "desc": "핵심 선택과 정제에 강점이 있습니다. 초반 탐색 폭을 의도적으로 넓혀보세요."
    },
    {
      "range": [
        18,
        26
      ],
      "label": "통합형",
      "desc": "충돌 아이디어를 융합합니다. 타임박스로 과도한 탐색을 방지하세요."
    },
    {
      "range": [
        27,
        32
      ],
      "label": "연결형",
      "desc": "비유·연결로 새 의미를 만듭니다. 데이터 검증 단계만 추가하세요."
    }
  ],
  "scoring": {
    "engine": "sum-range"
  },
  "disclaimer": "이 테스트는 오락/자기점검용이며 의학적·심리학적 진단이 아닙니다."
}