{
  "slug": "digital-hygiene",
  "title": "디지털 위생 점검",
  "type": "likert",
  "scale": "0-4",
  "category": "라이프스타일",
  "badge": "지표",
  "desc": "디지털 사용 습관이 집중과 관계에 미치는 영향을 점검합니다.",
  "questions": [
    {
      "text": "아침에 눈뜨자마자 휴대폰을 확인한다",
      "options": [
        {
          "label": "전혀 아니다",
          "score": 0
        },
        {
          "label": "아니다",
          "score": 1
        },
        {
          "label": "보통이다",
          "score": 2
        },
        {
          "label": "그렇다",
          "score": 3
        },
        {
          "label": "매우 그렇다",
          "score": 4
        }
      ]
    },
    {
      "text": "알림을 주기적으로 정리·묶음 처리한다",
      "options": [
        {
          "label": "전혀 아니다",
          "score": 0
        },
        {
          "label": "아니다",
          "score": 1
        },
        {
          "label": "보통이다",
          "score": 2
        },
        {
          "label": "그렇다",
          "score": 3
        },
        {
          "label": "매우 그렇다",
          "score": 4
        }
      ]
    },
    {
      "text": "집중 시간에는 방해 알림을 꺼둔다",
      "options": [
        {
          "label": "전혀 아니다",
          "score": 0
        },
        {
          "label": "아니다",
          "score": 1
        },
        {
          "label": "보통이다",
          "score": 2
        },
        {
          "label": "그렇다",
          "score": 3
        },
        {
          "label": "매우 그렇다",
          "score": 4
        }
      ]
    },
    {
      "text": "잠들기 1시간 전 화면 사용을 줄인다",
      "options": [
        {
          "label": "전혀 아니다",
          "score": 0
        },
        {
          "label": "아니다",
          "score": 1
        },
        {
          "label": "보통이다",
          "score": 2
        },
        {
          "label": "그렇다",
          "score": 3
        },
        {
          "label": "매우 그렇다",
          "score": 4
        }
      ]
    },
    {
      "text": "식사·대화 중 기기 사용을 자제한다",
      "options": [
        {
          "label": "전혀 아니다",
          "score": 0
        },
        {
          "label": "아니다",
          "score": 1
        },
        {
          "label": "보통이다",
          "score": 2
        },
        {
          "label": "그렇다",
          "score": 3
        },
        {
          "label": "매우 그렇다",
          "score": 4
        }
      ]
    },
    {
      "text": "앱 사용 시간을 주기적으로 점검한다",
      "options": [
        {
          "label": "전혀 아니다",
          "score": 0
        },
        {
          "label": "아니다",
          "score": 1
        },
        {
          "label": "보통이다",
          "score": 2
        },
        {
          "label": "그렇다",
          "score": 3
        },
        {
          "label": "매우 그렇다",
          "score": 4
        }
      ]
    },
    {
      "text": "필요 없는 앱·구독을 정리한다",
      "options": [
        {
          "label": "전혀 아니다",
          "score": 0
        },
        {
          "label": "아니다",
          "score": 1
        },
        {
          "label": "보통이다",
          "score": 2
        },
        {
          "label": "그렇다",
          "score": 3
        },
        {
          "label": "매우 그렇다",
          "score": 4
        }
      ]
    },
    {
      "text": "주말에는 오프라인 활동을 늘린다",
      "options": [
        {
          "label": "전혀 아니다",
          "score": 0
        },
        {
          "label": "아니다",
          "score": 1
        },
        {
          "label": "보통이다",
          "score": 2
        },
        {
          "label": "그렇다",
          "score": 3
        },
        {
          "label": "매우 그렇다",
          "score": 4
        }
      ]
    }
  ],
  "results": [
    {
      "range": [
        0,
        8
      ],
      "label": "규칙적 관리",
      "desc": "알림·시간·공간 경계를 잘 다룹니다. 현재 방식만 꾸준히 유지하세요."
    },
    {
      "range": [
        9,
        17
      ],
      "label": "의식적 사용",
      "desc": "집중·관계에 주의를 기울입니다. 주 1회 대시보드 점검을 추가해보세요."
    },
    {
      "range": [
        18,
        26
      ],
      "label": "알림 최소화",
      "desc": "불필요 알림을 잘 비웁니다. 취침 루틴·야간모드도 설정해보세요."
    },
    {
      "range": [
        27,
        32
      ],
      "label": "충동 사용 경향",
      "desc": "무의식적 사용이 많습니다. 알림 끄기·테크 프리 존을 만들어보세요."
    }
  ],
  "scoring": {
    "engine": "sum-range"
  },
  "disclaimer": "이 테스트는 오락/자기점검용이며 의학적·심리학적 진단이 아닙니다."
}