{
  "slug": "growth-mindset",
  "title": "성장 마인드셋 체크",
  "type": "likert",
  "scale": "0-4",
  "category": "교육",
  "badge": "지표",
  "desc": "도전·피드백·노력에 대한 태도를 간단히 점검합니다.",
  "questions": [
    {
      "text": "어려운 과제를 만나면 흥미가 생긴다",
      "options": [
        {
          "label": "전혀 아니다",
          "score": 0
        },
        {
          "label": "아니다",
          "score": 1
        },
        {
          "label": "보통이다",
          "score": 2
        },
        {
          "label": "그렇다",
          "score": 3
        },
        {
          "label": "매우 그렇다",
          "score": 4
        }
      ]
    },
    {
      "text": "실수를 학습 데이터로 본다",
      "options": [
        {
          "label": "전혀 아니다",
          "score": 0
        },
        {
          "label": "아니다",
          "score": 1
        },
        {
          "label": "보통이다",
          "score": 2
        },
        {
          "label": "그렇다",
          "score": 3
        },
        {
          "label": "매우 그렇다",
          "score": 4
        }
      ]
    },
    {
      "text": "피드백은 성장을 위한 정보라고 느낀다",
      "options": [
        {
          "label": "전혀 아니다",
          "score": 0
        },
        {
          "label": "아니다",
          "score": 1
        },
        {
          "label": "보통이다",
          "score": 2
        },
        {
          "label": "그렇다",
          "score": 3
        },
        {
          "label": "매우 그렇다",
          "score": 4
        }
      ]
    },
    {
      "text": "현재 실력은 노력과 전략으로 바뀔 수 있다",
      "options": [
        {
          "label": "전혀 아니다",
          "score": 0
        },
        {
          "label": "아니다",
          "score": 1
        },
        {
          "label": "보통이다",
          "score": 2
        },
        {
          "label": "그렇다",
          "score": 3
        },
        {
          "label": "매우 그렇다",
          "score": 4
        }
      ]
    },
    {
      "text": "잘하는 사람을 보면 위축보다 자극을 받는다",
      "options": [
        {
          "label": "전혀 아니다",
          "score": 0
        },
        {
          "label": "아니다",
          "score": 1
        },
        {
          "label": "보통이다",
          "score": 2
        },
        {
          "label": "그렇다",
          "score": 3
        },
        {
          "label": "매우 그렇다",
          "score": 4
        }
      ]
    },
    {
      "text": "시간이 걸려도 꾸준히 반복해 개선한다",
      "options": [
        {
          "label": "전혀 아니다",
          "score": 0
        },
        {
          "label": "아니다",
          "score": 1
        },
        {
          "label": "보통이다",
          "score": 2
        },
        {
          "label": "그렇다",
          "score": 3
        },
        {
          "label": "매우 그렇다",
          "score": 4
        }
      ]
    },
    {
      "text": "과정의 진전을 기록하면 동기화된다",
      "options": [
        {
          "label": "전혀 아니다",
          "score": 0
        },
        {
          "label": "아니다",
          "score": 1
        },
        {
          "label": "보통이다",
          "score": 2
        },
        {
          "label": "그렇다",
          "score": 3
        },
        {
          "label": "매우 그렇다",
          "score": 4
        }
      ]
    },
    {
      "text": "처음엔 서툴러도 시도해보는 편이다",
      "options": [
        {
          "label": "전혀 아니다",
          "score": 0
        },
        {
          "label": "아니다",
          "score": 1
        },
        {
          "label": "보통이다",
          "score": 2
        },
        {
          "label": "그렇다",
          "score": 3
        },
        {
          "label": "매우 그렇다",
          "score": 4
        }
      ]
    }
  ],
  "results": [
    {
      "range": [
        0,
        8
      ],
      "label": "강한 성장형",
      "desc": "도전·반복·피드백을 즐깁니다. 장기 프로젝트에 강점을 보입니다."
    },
    {
      "range": [
        9,
        17
      ],
      "label": "성장 기울기",
      "desc": "상황에 따라 성장/고정이 오갑니다. 환경 설계로 성장 모드 체류를 늘려보세요."
    },
    {
      "range": [
        18,
        26
      ],
      "label": "혼합형",
      "desc": "피드백·실패에 민감해 때때로 멈춥니다. 작은 성공경험을 쌓아 확신을 키우세요."
    },
    {
      "range": [
        27,
        32
      ],
      "label": "고정 경향",
      "desc": "노력 대비 한계 인식이 큽니다. 분해-연습-피드백 루프를 작게 설계해보세요."
    }
  ],
  "scoring": {
    "engine": "sum-range"
  },
  "disclaimer": "이 테스트는 오락/자기점검용이며 의학적·심리학적 진단이 아닙니다."
}