{
  "slug": "negotiation-stance",
  "title": "협상 태도 유형",
  "type": "likert",
  "scale": "0-4",
  "category": "커리어",
  "badge": "성향",
  "desc": "가치 창출 vs 분배, 원칙과 관계의 균형을 어떻게 잡는지 점검합니다.",
  "questions": [
    {
      "text": "상대의 이익·제약을 파악해 공통 가치를 찾는다",
      "options": [
        {
          "label": "전혀 아니다",
          "score": 0
        },
        {
          "label": "아니다",
          "score": 1
        },
        {
          "label": "보통이다",
          "score": 2
        },
        {
          "label": "그렇다",
          "score": 3
        },
        {
          "label": "매우 그렇다",
          "score": 4
        }
      ]
    },
    {
      "text": "원칙·기준을 먼저 합의하려 한다",
      "options": [
        {
          "label": "전혀 아니다",
          "score": 0
        },
        {
          "label": "아니다",
          "score": 1
        },
        {
          "label": "보통이다",
          "score": 2
        },
        {
          "label": "그렇다",
          "score": 3
        },
        {
          "label": "매우 그렇다",
          "score": 4
        }
      ]
    },
    {
      "text": "현실적 중간선을 찾아 빠르게 합의한다",
      "options": [
        {
          "label": "전혀 아니다",
          "score": 0
        },
        {
          "label": "아니다",
          "score": 1
        },
        {
          "label": "보통이다",
          "score": 2
        },
        {
          "label": "그렇다",
          "score": 3
        },
        {
          "label": "매우 그렇다",
          "score": 4
        }
      ]
    },
    {
      "text": "필요하면 강경하게 조건을 밀어붙인다",
      "options": [
        {
          "label": "전혀 아니다",
          "score": 0
        },
        {
          "label": "아니다",
          "score": 1
        },
        {
          "label": "보통이다",
          "score": 2
        },
        {
          "label": "그렇다",
          "score": 3
        },
        {
          "label": "매우 그렇다",
          "score": 4
        }
      ]
    },
    {
      "text": "교환 가능한 대안을 여러 개 준비한다",
      "options": [
        {
          "label": "전혀 아니다",
          "score": 0
        },
        {
          "label": "아니다",
          "score": 1
        },
        {
          "label": "보통이다",
          "score": 2
        },
        {
          "label": "그렇다",
          "score": 3
        },
        {
          "label": "매우 그렇다",
          "score": 4
        }
      ]
    },
    {
      "text": "사람과 문제를 분리하려 노력한다",
      "options": [
        {
          "label": "전혀 아니다",
          "score": 0
        },
        {
          "label": "아니다",
          "score": 1
        },
        {
          "label": "보통이다",
          "score": 2
        },
        {
          "label": "그렇다",
          "score": 3
        },
        {
          "label": "매우 그렇다",
          "score": 4
        }
      ]
    },
    {
      "text": "장기 관계 가치를 고려한다",
      "options": [
        {
          "label": "전혀 아니다",
          "score": 0
        },
        {
          "label": "아니다",
          "score": 1
        },
        {
          "label": "보통이다",
          "score": 2
        },
        {
          "label": "그렇다",
          "score": 3
        },
        {
          "label": "매우 그렇다",
          "score": 4
        }
      ]
    },
    {
      "text": "BATNA(대안)의 수준을 점검한다",
      "options": [
        {
          "label": "전혀 아니다",
          "score": 0
        },
        {
          "label": "아니다",
          "score": 1
        },
        {
          "label": "보통이다",
          "score": 2
        },
        {
          "label": "그렇다",
          "score": 3
        },
        {
          "label": "매우 그렇다",
          "score": 4
        }
      ]
    }
  ],
  "results": [
    {
      "range": [
        0,
        8
      ],
      "label": "통합형(협력)",
      "desc": "가치 창출·공유에 집중합니다. 주장·방어 스킬도 함께 단련하세요."
    },
    {
      "range": [
        9,
        17
      ],
      "label": "원칙형",
      "desc": "기준·절차의 공정성을 중시합니다. 유연한 교환안으로 공간을 넓혀보세요."
    },
    {
      "range": [
        18,
        26
      ],
      "label": "타협형",
      "desc": "현실적 합의를 잘 이끕니다. 가치 창출 여지를 먼저 탐색해보세요."
    },
    {
      "range": [
        27,
        32
      ],
      "label": "경쟁형",
      "desc": "조건 최적화에 강합니다. 관계·이미지 비용을 관리하세요."
    }
  ],
  "scoring": {
    "engine": "sum-range"
  },
  "disclaimer": "이 테스트는 오락/자기점검용이며 의학적·심리학적 진단이 아닙니다."
}