{
  "slug": "social-energy",
  "title": "사교 에너지 프로필",
  "type": "likert",
  "scale": "0-4",
  "category": "라이프스타일",
  "badge": "성향",
  "desc": "대인 활동이 에너지에 미치는 영향을 점검하는 가벼운 자기이해 테스트입니다.",
  "questions": [
    {
      "text": "사람들과 어울린 뒤 에너지가 오히려 채워진다",
      "options": [
        {
          "label": "전혀 아니다",
          "score": 0
        },
        {
          "label": "아니다",
          "score": 1
        },
        {
          "label": "보통이다",
          "score": 2
        },
        {
          "label": "그렇다",
          "score": 3
        },
        {
          "label": "매우 그렇다",
          "score": 4
        }
      ]
    },
    {
      "text": "혼자만의 시간 없이 연속된 약속은 금방 지친다",
      "options": [
        {
          "label": "전혀 아니다",
          "score": 0
        },
        {
          "label": "아니다",
          "score": 1
        },
        {
          "label": "보통이다",
          "score": 2
        },
        {
          "label": "그렇다",
          "score": 3
        },
        {
          "label": "매우 그렇다",
          "score": 4
        }
      ]
    },
    {
      "text": "새로운 모임에서 낯선 사람과 이야기하는 것이 즐겁다",
      "options": [
        {
          "label": "전혀 아니다",
          "score": 0
        },
        {
          "label": "아니다",
          "score": 1
        },
        {
          "label": "보통이다",
          "score": 2
        },
        {
          "label": "그렇다",
          "score": 3
        },
        {
          "label": "매우 그렇다",
          "score": 4
        }
      ]
    },
    {
      "text": "친한 소수와 깊은 대화가 더 편하다",
      "options": [
        {
          "label": "전혀 아니다",
          "score": 0
        },
        {
          "label": "아니다",
          "score": 1
        },
        {
          "label": "보통이다",
          "score": 2
        },
        {
          "label": "그렇다",
          "score": 3
        },
        {
          "label": "매우 그렇다",
          "score": 4
        }
      ]
    },
    {
      "text": "즉흥적인 약속도 종종 반갑다",
      "options": [
        {
          "label": "전혀 아니다",
          "score": 0
        },
        {
          "label": "아니다",
          "score": 1
        },
        {
          "label": "보통이다",
          "score": 2
        },
        {
          "label": "그렇다",
          "score": 3
        },
        {
          "label": "매우 그렇다",
          "score": 4
        }
      ]
    },
    {
      "text": "일과 후에는 조용한 시간을 선호한다",
      "options": [
        {
          "label": "전혀 아니다",
          "score": 0
        },
        {
          "label": "아니다",
          "score": 1
        },
        {
          "label": "보통이다",
          "score": 2
        },
        {
          "label": "그렇다",
          "score": 3
        },
        {
          "label": "매우 그렇다",
          "score": 4
        }
      ]
    },
    {
      "text": "관심사가 같다면 초면도 금방 편해진다",
      "options": [
        {
          "label": "전혀 아니다",
          "score": 0
        },
        {
          "label": "아니다",
          "score": 1
        },
        {
          "label": "보통이다",
          "score": 2
        },
        {
          "label": "그렇다",
          "score": 3
        },
        {
          "label": "매우 그렇다",
          "score": 4
        }
      ]
    },
    {
      "text": "여럿이 모인 자리보다 1:1이 더 편안하다",
      "options": [
        {
          "label": "전혀 아니다",
          "score": 0
        },
        {
          "label": "아니다",
          "score": 1
        },
        {
          "label": "보통이다",
          "score": 2
        },
        {
          "label": "그렇다",
          "score": 3
        },
        {
          "label": "매우 그렇다",
          "score": 4
        }
      ]
    }
  ],
  "results": [
    {
      "range": [
        0,
        8
      ],
      "label": "사교충전형",
      "desc": "사람들과의 상호작용에서 활력을 얻습니다. 일정에 교류 시간을 의도적으로 넣으면 좋습니다."
    },
    {
      "range": [
        9,
        16
      ],
      "label": "균형형",
      "desc": "혼자·함께의 균형을 선호합니다. 상황에 따라 에너지 관리 전략을 바꿉니다."
    },
    {
      "range": [
        17,
        24
      ],
      "label": "조용선호형",
      "desc": "혼자 있는 시간이 재충전의 핵심입니다. 약속 간 버퍼를 충분히 두세요."
    },
    {
      "range": [
        25,
        32
      ],
      "label": "맥락의존형",
      "desc": "주제·사람에 따라 달라집니다. 나에게 맞는 모임 크기와 빈도를 탐색해보세요."
    }
  ],
  "scoring": {
    "engine": "sum-range"
  },
  "disclaimer": "이 테스트는 오락/자기점검용이며 의학적·심리학적 진단이 아닙니다."
}