{
  "slug": "travel-style",
  "title": "여행 성향",
  "type": "likert",
  "scale": "0-4",
  "category": "라이프스타일",
  "badge": "선호",
  "desc": "여행을 설계하고 즐기는 방식의 선호를 알아봅니다.",
  "questions": [
    {
      "text": "세부 일정표를 미리 꼼꼼히 만든다",
      "options": [
        {
          "label": "전혀 아니다",
          "score": 0
        },
        {
          "label": "아니다",
          "score": 1
        },
        {
          "label": "보통이다",
          "score": 2
        },
        {
          "label": "그렇다",
          "score": 3
        },
        {
          "label": "매우 그렇다",
          "score": 4
        }
      ]
    },
    {
      "text": "현지에서 즉흥적으로 움직이는 것을 즐긴다",
      "options": [
        {
          "label": "전혀 아니다",
          "score": 0
        },
        {
          "label": "아니다",
          "score": 1
        },
        {
          "label": "보통이다",
          "score": 2
        },
        {
          "label": "그렇다",
          "score": 3
        },
        {
          "label": "매우 그렇다",
          "score": 4
        }
      ]
    },
    {
      "text": "박물관·전시·역사 탐방을 좋아한다",
      "options": [
        {
          "label": "전혀 아니다",
          "score": 0
        },
        {
          "label": "아니다",
          "score": 1
        },
        {
          "label": "보통이다",
          "score": 2
        },
        {
          "label": "그렇다",
          "score": 3
        },
        {
          "label": "매우 그렇다",
          "score": 4
        }
      ]
    },
    {
      "text": "휴양·힐링 중심의 일정이 좋다",
      "options": [
        {
          "label": "전혀 아니다",
          "score": 0
        },
        {
          "label": "아니다",
          "score": 1
        },
        {
          "label": "보통이다",
          "score": 2
        },
        {
          "label": "그렇다",
          "score": 3
        },
        {
          "label": "매우 그렇다",
          "score": 4
        }
      ]
    },
    {
      "text": "로컬 음식·시장 탐방이 여행의 핵심이다",
      "options": [
        {
          "label": "전혀 아니다",
          "score": 0
        },
        {
          "label": "아니다",
          "score": 1
        },
        {
          "label": "보통이다",
          "score": 2
        },
        {
          "label": "그렇다",
          "score": 3
        },
        {
          "label": "매우 그렇다",
          "score": 4
        }
      ]
    },
    {
      "text": "사람 적은 시간·장소를 선호한다",
      "options": [
        {
          "label": "전혀 아니다",
          "score": 0
        },
        {
          "label": "아니다",
          "score": 1
        },
        {
          "label": "보통이다",
          "score": 2
        },
        {
          "label": "그렇다",
          "score": 3
        },
        {
          "label": "매우 그렇다",
          "score": 4
        }
      ]
    },
    {
      "text": "교통·숙소 예약을 일찍 확정한다",
      "options": [
        {
          "label": "전혀 아니다",
          "score": 0
        },
        {
          "label": "아니다",
          "score": 1
        },
        {
          "label": "보통이다",
          "score": 2
        },
        {
          "label": "그렇다",
          "score": 3
        },
        {
          "label": "매우 그렇다",
          "score": 4
        }
      ]
    },
    {
      "text": "기상·상황에 따라 유연하게 바꾼다",
      "options": [
        {
          "label": "전혀 아니다",
          "score": 0
        },
        {
          "label": "아니다",
          "score": 1
        },
        {
          "label": "보통이다",
          "score": 2
        },
        {
          "label": "그렇다",
          "score": 3
        },
        {
          "label": "매우 그렇다",
          "score": 4
        }
      ]
    }
  ],
  "results": [
    {
      "range": [
        0,
        8
      ],
      "label": "계획가형",
      "desc": "준비가 여행의 절반입니다. 즉흥 요소도 조금 섞어보세요."
    },
    {
      "range": [
        9,
        16
      ],
      "label": "즉흥가형",
      "desc": "현장감을 즐깁니다. 필수 예약만 미리 확보하세요."
    },
    {
      "range": [
        17,
        24
      ],
      "label": "문화탐방형",
      "desc": "지식·경험을 넓힙니다. 휴식도 균형 있게 배치하세요."
    },
    {
      "range": [
        25,
        32
      ],
      "label": "휴식중심형",
      "desc": "회복이 목적입니다. 가벼운 탐방으로 기억을 더하세요."
    }
  ],
  "scoring": {
    "engine": "sum-range"
  },
  "disclaimer": "이 테스트는 오락/자기점검용이며 의학적·심리학적 진단이 아닙니다."
}