{
  "slug": "ive-fandom",
  "title": "IVE 덕력 테스트",
  "type": "mcq",
  "category": "덕력 테스트",
  "badge": "덕력",
  "questions": [
    {
      "text": "다음 중 IVE 멤버가 **아닌** 사람은?",
      "options": [
        {
          "label": "WONYOUNG"
        },
        {
          "label": "REI"
        },
        {
          "label": "Karina"
        },
        {
          "label": "GAEUL"
        }
      ],
      "correct_index": 2,
      "explain": ""
    },
    {
      "text": "IVE의 공식 팬덤명은?",
      "options": [
        {
          "label": "ONCE"
        },
        {
          "label": "ARMY"
        },
        {
          "label": "DIVE"
        },
        {
          "label": "STAY"
        }
      ],
      "correct_index": 2,
      "explain": ""
    },
    {
      "text": "IVE의 소속(레이블)은?",
      "options": [
        {
          "label": "SM Entertainment"
        },
        {
          "label": "JYP Entertainment"
        },
        {
          "label": "Starship Entertainment"
        },
        {
          "label": "YG Entertainment"
        }
      ],
      "correct_index": 2,
      "explain": ""
    },
    {
      "text": "IVE의 현재 구성원 수는?",
      "options": [
        {
          "label": "5"
        },
        {
          "label": "7"
        },
        {
          "label": "8"
        },
        {
          "label": "6"
        }
      ],
      "correct_index": 3,
      "explain": ""
    },
    {
      "text": "IVE의 데뷔 연도는?",
      "options": [
        {
          "label": "2020"
        },
        {
          "label": "2022"
        },
        {
          "label": "2021"
        },
        {
          "label": "2023"
        }
      ],
      "correct_index": 2,
      "explain": ""
    },
    {
      "text": "다음 중 IVE의 곡은?",
      "options": [
        {
          "label": "Hot Sauce"
        },
        {
          "label": "DDU-DU DDU-DU"
        },
        {
          "label": "ELEVEN"
        },
        {
          "label": "Adore U"
        }
      ],
      "correct_index": 2,
      "explain": ""
    },
    {
      "text": "다음 중 IVE의 곡이 **아닌** 것은?",
      "options": [
        {
          "label": "ELEVEN"
        },
        {
          "label": "LOVE DIVE"
        },
        {
          "label": "Adore U"
        },
        {
          "label": "I AM"
        }
      ],
      "correct_index": 2,
      "explain": ""
    },
    {
      "text": "IVE의 리더는?",
      "options": [
        {
          "label": "GAEUL"
        },
        {
          "label": "LEESEO"
        },
        {
          "label": "WONYOUNG"
        },
        {
          "label": "YUJIN"
        }
      ],
      "correct_index": 3,
      "explain": ""
    },
    {
      "text": "다음 중 IVE의 곡은?",
      "options": [
        {
          "label": "ELEVEN"
        },
        {
          "label": "Hype Boy"
        },
        {
          "label": "Cheer Up"
        },
        {
          "label": "TT"
        }
      ],
      "correct_index": 0,
      "explain": ""
    },
    {
      "text": "다음 중 IVE의 곡이 **아닌** 것은?",
      "options": [
        {
          "label": "I AM"
        },
        {
          "label": "Next Level"
        },
        {
          "label": "ELEVEN"
        },
        {
          "label": "LOVE DIVE"
        }
      ],
      "correct_index": 1,
      "explain": ""
    },
    {
      "text": "다음 중 IVE의 곡은?",
      "options": [
        {
          "label": "Perfect Red Velvet"
        },
        {
          "label": "Skool Luv Affair"
        },
        {
          "label": "Square Two"
        },
        {
          "label": "I've IVE"
        }
      ],
      "correct_index": 3,
      "explain": ""
    },
    {
      "text": "IVE의 메인보컬/보컬 라인에 속하는 인물은?",
      "options": [
        {
          "label": "REI"
        },
        {
          "label": "LIZ"
        },
        {
          "label": "LEESEO"
        },
        {
          "label": "YUJIN"
        }
      ],
      "correct_index": 1,
      "explain": ""
    }
  ],
  "scoring": {
    "per_question": 1,
    "correct_gets": 1,
    "wrong_gets": 0
  },
  "result_bands": [
    {
      "min": 0,
      "max": 3,
      "label": "새싹 DIVE",
      "desc": "IVE의 이름·대표곡을 막 익힌 단계! 퀴즈로 기초를 다졌어요. 데뷔곡·팬덤명·소속사를 한 번 더 복습해보면 금방 성장합니다."
    },
    {
      "min": 4,
      "max": 6,
      "label": "응원단 DIVE",
      "desc": "멤버/팬덤/대표곡 정보가 제법 탄탄합니다. 응원법·활동 타임라인을 조금만 더 보면 실전 감각이 붙어요."
    },
    {
      "min": 7,
      "max": 9,
      "label": "서포트 에이스",
      "desc": "멤버 포지션·소속사·데뷔 연도까지 꽤 정확해요. 신곡/앨범이 뜨면 바로 플레이하는 DIVE의 에이스!"
    },
    {
      "min": 10,
      "max": 11,
      "label": "코어 DIVE",
      "desc": "활동 히스토리와 대표 앨범을 술술! 컴백/콘서트 공지도 손에 잡히네요. 친구 입덕도 자신 있게 안내할 수 있어요."
    },
    {
      "min": 12,
      "max": 12,
      "label": "레전드 IVE 도슨트",
      "desc": "퀴즈 만점! 데뷔-대표곡-앨범까지 막힘없어요. IVE 박사님, 오늘도 DIVE의 길잡이 역할 기대합니다."
    }
  ],
  "disclaimer": "이 테스트는 팬 활동을 재미로 점검하는 용도로 제작되었습니다."
}