{
  "slug": "mom-type",
  "title": "당신은 어떤 엄마일까요?",
  "subtitle": "돌봄·규칙·공감의 균형을 체크",
  "category": "부모&육아",
  "badge": "부모",
  "author": "유형테스트",
  "version": "1.0.0",
  "scoring": {
    "engine": "sum-range"
  },
  "intro": "양육 철학, 소통 방식, 규칙/자율의 균형을 점검해 '엄마 유형'을 간단히 분류합니다. (비공식·참고용)",
  "questions": [
    {
      "id": "q1",
      "title": "아이가 늦게 잤다",
      "options": [
        {
          "id": "a",
          "label": "다음날 일정 조정",
          "score": 0
        },
        {
          "id": "b",
          "label": "원래 루틴 유지",
          "score": 1
        }
      ]
    },
    {
      "id": "q2",
      "title": "숙제 완료가 늦다",
      "options": [
        {
          "id": "a",
          "label": "원인 듣고 계획 재설계",
          "score": 0
        },
        {
          "id": "b",
          "label": "마감 준수로 책임감",
          "score": 1
        }
      ]
    },
    {
      "id": "q3",
      "title": "감정 폭발",
      "options": [
        {
          "id": "a",
          "label": "감정 이름 붙이기·안정먼저",
          "score": 0
        },
        {
          "id": "b",
          "label": "규칙 상기·진정 후 대화",
          "score": 1
        }
      ]
    },
    {
      "id": "q4",
      "title": "놀이 선택",
      "options": [
        {
          "id": "a",
          "label": "아이가 주도",
          "score": 0
        },
        {
          "id": "b",
          "label": "부모가 제안",
          "score": 1
        }
      ]
    },
    {
      "id": "q5",
      "title": "디지털 기기",
      "options": [
        {
          "id": "a",
          "label": "공동 약속·자가 관리",
          "score": 0
        },
        {
          "id": "b",
          "label": "시간표·필터로 통제",
          "score": 1
        }
      ]
    },
    {
      "id": "q6",
      "title": "학교 소통",
      "options": [
        {
          "id": "a",
          "label": "아이 의견 반영",
          "score": 0
        },
        {
          "id": "b",
          "label": "교사 의견 우선",
          "score": 1
        }
      ]
    },
    {
      "id": "q7",
      "title": "가사 분담",
      "options": [
        {
          "id": "a",
          "label": "유연한 역할 교대",
          "score": 0
        },
        {
          "id": "b",
          "label": "정해진 역할 유지",
          "score": 1
        }
      ]
    },
    {
      "id": "q8",
      "title": "상벌 시스템",
      "options": [
        {
          "id": "a",
          "label": "과정 칭찬·내적 동기",
          "score": 0
        },
        {
          "id": "b",
          "label": "명확한 보상·페널티",
          "score": 1
        }
      ]
    },
    {
      "id": "q9",
      "title": "건강/안전",
      "options": [
        {
          "id": "a",
          "label": "원칙+현실 유연",
          "score": 0
        },
        {
          "id": "b",
          "label": "원칙 철저",
          "score": 1
        }
      ]
    },
    {
      "id": "q10",
      "title": "학습 태도",
      "options": [
        {
          "id": "a",
          "label": "탐색·흥미 우선",
          "score": 0
        },
        {
          "id": "b",
          "label": "기초·반복 우선",
          "score": 1
        }
      ]
    },
    {
      "id": "q11",
      "title": "자기시간",
      "options": [
        {
          "id": "a",
          "label": "아이 자율 시간 보장",
          "score": 0
        },
        {
          "id": "b",
          "label": "가족 일정 우선",
          "score": 1
        }
      ]
    },
    {
      "id": "q12",
      "title": "갈등 해결",
      "options": [
        {
          "id": "a",
          "label": "타임아웃·회고",
          "score": 0
        },
        {
          "id": "b",
          "label": "규칙 재확인",
          "score": 1
        }
      ]
    }
  ],
  "results": [
    {
      "id": "coach-mom",
      "title": "코치형 엄마",
      "range": [
        0,
        3
      ],
      "summary": "공감·질문으로 이끄는 파트너",
      "desc": [
        "아이의 목소리를 먼저 듣습니다.",
        "문제 해결을 스스로 하게 돕습니다."
      ],
      "strengths": [
        "자율성",
        "신뢰"
      ],
      "cautions": [
        "속도 느림",
        "경계 모호"
      ],
      "tips": [
        "경계 3개 고정",
        "기록/회고 루틴",
        "선택권 2안 제공"
      ],
      "hashtags": [
        "#코칭",
        "#파트너십"
      ]
    },
    {
      "id": "buddy-mom",
      "title": "버디형 엄마",
      "range": [
        4,
        6
      ],
      "summary": "함께 즐기며 배우는 동반자",
      "desc": [
        "즐거움과 배움을 연결합니다.",
        "놀이 속에서 규칙을 학습시킵니다."
      ],
      "strengths": [
        "동기부여",
        "유대감"
      ],
      "cautions": [
        "경계 흐림"
      ],
      "tips": [
        "놀이 전 후 규칙 리마인드",
        "타이머/신호 활용",
        "칭찬 비율 2배"
      ],
      "hashtags": [
        "#동반자",
        "#놀이"
      ]
    },
    {
      "id": "manager-mom",
      "title": "매니저형 엄마",
      "range": [
        7,
        8
      ],
      "summary": "루틴·체계로 안정 제공",
      "desc": [
        "시간표와 체크리스트로 일상을 관리합니다.",
        "예측 가능한 환경을 만들어 줍니다."
      ],
      "strengths": [
        "일관성",
        "예방"
      ],
      "cautions": [
        "융통성 부족"
      ],
      "tips": [
        "규칙은 짧고 명확하게",
        "노룰데이 월1",
        "선택권 부여"
      ],
      "hashtags": [
        "#루틴",
        "#체계"
      ]
    },
    {
      "id": "tiger-mom",
      "title": "타이거형 엄마",
      "range": [
        9,
        10
      ],
      "summary": "높은 기준·집중 코칭",
      "desc": [
        "목표 달성에서 기쁨을 느낍니다.",
        "정서 케어 장치를 병행하세요."
      ],
      "strengths": [
        "추진력",
        "성과"
      ],
      "cautions": [
        "압박감",
        "관계 경직"
      ],
      "tips": [
        "감정 코칭 5분",
        "휴식 블록",
        "자율 과제 병행"
      ],
      "hashtags": [
        "#코칭",
        "#성과"
      ]
    },
    {
      "id": "anchor-mom",
      "title": "앵커형 엄마",
      "range": [
        11,
        12
      ],
      "summary": "평안·안정의 기반",
      "desc": [
        "항상 같은 자리에서 지지합니다.",
        "가끔 변주로 동기를 북돋우세요."
      ],
      "strengths": [
        "정서 안정",
        "신뢰"
      ],
      "cautions": [
        "변화 둔감"
      ],
      "tips": [
        "새로운 경험 주1",
        "칭찬 저금통",
        "가족 회의"
      ],
      "hashtags": [
        "#안정",
        "#지지"
      ]
    }
  ]
}