{
  "slug": "learning-approach",
  "title": "학습 접근 전략",
  "type": "likert",
  "scale": "0-4",
  "category": "교육",
  "badge": "성향",
  "desc": "학습 목표·처리 방식의 선호를 점검합니다.",
  "questions": [
    {
      "text": "원리를 이해하려 들여다보는 편이다",
      "options": [
        {
          "label": "전혀 아니다",
          "score": 0
        },
        {
          "label": "아니다",
          "score": 1
        },
        {
          "label": "보통이다",
          "score": 2
        },
        {
          "label": "그렇다",
          "score": 3
        },
        {
          "label": "매우 그렇다",
          "score": 4
        }
      ]
    },
    {
      "text": "평가 기준을 분석해 전략을 세운다",
      "options": [
        {
          "label": "전혀 아니다",
          "score": 0
        },
        {
          "label": "아니다",
          "score": 1
        },
        {
          "label": "보통이다",
          "score": 2
        },
        {
          "label": "그렇다",
          "score": 3
        },
        {
          "label": "매우 그렇다",
          "score": 4
        }
      ]
    },
    {
      "text": "암기·요약으로 속도를 낸다",
      "options": [
        {
          "label": "전혀 아니다",
          "score": 0
        },
        {
          "label": "아니다",
          "score": 1
        },
        {
          "label": "보통이다",
          "score": 2
        },
        {
          "label": "그렇다",
          "score": 3
        },
        {
          "label": "매우 그렇다",
          "score": 4
        }
      ]
    },
    {
      "text": "실험·프로젝트로 몸으로 익힌다",
      "options": [
        {
          "label": "전혀 아니다",
          "score": 0
        },
        {
          "label": "아니다",
          "score": 1
        },
        {
          "label": "보통이다",
          "score": 2
        },
        {
          "label": "그렇다",
          "score": 3
        },
        {
          "label": "매우 그렇다",
          "score": 4
        }
      ]
    },
    {
      "text": "질문을 만들며 읽거나 듣는다",
      "options": [
        {
          "label": "전혀 아니다",
          "score": 0
        },
        {
          "label": "아니다",
          "score": 1
        },
        {
          "label": "보통이다",
          "score": 2
        },
        {
          "label": "그렇다",
          "score": 3
        },
        {
          "label": "매우 그렇다",
          "score": 4
        }
      ]
    },
    {
      "text": "피드백을 받아 수정·개선한다",
      "options": [
        {
          "label": "전혀 아니다",
          "score": 0
        },
        {
          "label": "아니다",
          "score": 1
        },
        {
          "label": "보통이다",
          "score": 2
        },
        {
          "label": "그렇다",
          "score": 3
        },
        {
          "label": "매우 그렇다",
          "score": 4
        }
      ]
    },
    {
      "text": "학습 계획을 주 단위로 관리한다",
      "options": [
        {
          "label": "전혀 아니다",
          "score": 0
        },
        {
          "label": "아니다",
          "score": 1
        },
        {
          "label": "보통이다",
          "score": 2
        },
        {
          "label": "그렇다",
          "score": 3
        },
        {
          "label": "매우 그렇다",
          "score": 4
        }
      ]
    },
    {
      "text": "학습 기록(노트·깃허브 등)을 남긴다",
      "options": [
        {
          "label": "전혀 아니다",
          "score": 0
        },
        {
          "label": "아니다",
          "score": 1
        },
        {
          "label": "보통이다",
          "score": 2
        },
        {
          "label": "그렇다",
          "score": 3
        },
        {
          "label": "매우 그렇다",
          "score": 4
        }
      ]
    }
  ],
  "results": [
    {
      "range": [
        0,
        8
      ],
      "label": "심층/탐구",
      "desc": "의미 이해·연결에 집중합니다. 일정·평가 대비도 챙기면 더 강해집니다."
    },
    {
      "range": [
        9,
        17
      ],
      "label": "전략/성취",
      "desc": "목표·평가에 맞춰 최적화합니다. 개념 연결·응용을 보완하세요."
    },
    {
      "range": [
        18,
        26
      ],
      "label": "표면/암기",
      "desc": "기본기를 빠르게 확보합니다. 응용 연습·프로젝트를 섞어보세요."
    },
    {
      "range": [
        27,
        32
      ],
      "label": "경험/실험",
      "desc": "손으로 부딪쳐 배우는 타입입니다. 이론 정리·기록으로 전이성을 높이세요."
    }
  ],
  "scoring": {
    "engine": "sum-range"
  },
  "disclaimer": "이 테스트는 오락/자기점검용이며 의학적·심리학적 진단이 아닙니다."
}