{
  "slug": "risk-tolerance",
  "title": "위험 감수 성향",
  "type": "likert",
  "scale": "0-4",
  "category": "라이프스타일",
  "badge": "성향",
  "desc": "불확실성 상황에서의 선택 경향을 살펴봅니다(투자 권유 아님).",
  "questions": [
    {
      "text": "큰 보상 가능성이 있으면 손실 위험도 감수할 수 있다",
      "options": [
        {
          "label": "전혀 아니다",
          "score": 0
        },
        {
          "label": "아니다",
          "score": 1
        },
        {
          "label": "보통이다",
          "score": 2
        },
        {
          "label": "그렇다",
          "score": 3
        },
        {
          "label": "매우 그렇다",
          "score": 4
        }
      ]
    },
    {
      "text": "손실을 한번 경험하면 한동안 시도를 줄인다",
      "options": [
        {
          "label": "전혀 아니다",
          "score": 0
        },
        {
          "label": "아니다",
          "score": 1
        },
        {
          "label": "보통이다",
          "score": 2
        },
        {
          "label": "그렇다",
          "score": 3
        },
        {
          "label": "매우 그렇다",
          "score": 4
        }
      ]
    },
    {
      "text": "작게 시작해 점진적으로 규모를 키우는 편이다",
      "options": [
        {
          "label": "전혀 아니다",
          "score": 0
        },
        {
          "label": "아니다",
          "score": 1
        },
        {
          "label": "보통이다",
          "score": 2
        },
        {
          "label": "그렇다",
          "score": 3
        },
        {
          "label": "매우 그렇다",
          "score": 4
        }
      ]
    },
    {
      "text": "결정 전 손익 시나리오를 꼭 계산한다",
      "options": [
        {
          "label": "전혀 아니다",
          "score": 0
        },
        {
          "label": "아니다",
          "score": 1
        },
        {
          "label": "보통이다",
          "score": 2
        },
        {
          "label": "그렇다",
          "score": 3
        },
        {
          "label": "매우 그렇다",
          "score": 4
        }
      ]
    },
    {
      "text": "새로운 영역에 대한 호기심이 크다",
      "options": [
        {
          "label": "전혀 아니다",
          "score": 0
        },
        {
          "label": "아니다",
          "score": 1
        },
        {
          "label": "보통이다",
          "score": 2
        },
        {
          "label": "그렇다",
          "score": 3
        },
        {
          "label": "매우 그렇다",
          "score": 4
        }
      ]
    },
    {
      "text": "주변의 실패 사례를 보면 속도를 늦춘다",
      "options": [
        {
          "label": "전혀 아니다",
          "score": 0
        },
        {
          "label": "아니다",
          "score": 1
        },
        {
          "label": "보통이다",
          "score": 2
        },
        {
          "label": "그렇다",
          "score": 3
        },
        {
          "label": "매우 그렇다",
          "score": 4
        }
      ]
    },
    {
      "text": "일정 수준의 변동성은 성장의 일부라 느낀다",
      "options": [
        {
          "label": "전혀 아니다",
          "score": 0
        },
        {
          "label": "아니다",
          "score": 1
        },
        {
          "label": "보통이다",
          "score": 2
        },
        {
          "label": "그렇다",
          "score": 3
        },
        {
          "label": "매우 그렇다",
          "score": 4
        }
      ]
    },
    {
      "text": "확실한 이익이 작아도 안정이 더 중요하다",
      "options": [
        {
          "label": "전혀 아니다",
          "score": 0
        },
        {
          "label": "아니다",
          "score": 1
        },
        {
          "label": "보통이다",
          "score": 2
        },
        {
          "label": "그렇다",
          "score": 3
        },
        {
          "label": "매우 그렇다",
          "score": 4
        }
      ]
    }
  ],
  "results": [
    {
      "range": [
        0,
        8
      ],
      "label": "안정 선호",
      "desc": "확실성·예측 가능성을 중시합니다. 점진 실험으로 학습 속도를 확보해보세요."
    },
    {
      "range": [
        9,
        17
      ],
      "label": "보수-중립",
      "desc": "리스크를 관리 가능한 범위에서만 택합니다. 손실 한도를 선명히 두면 더 편안합니다."
    },
    {
      "range": [
        18,
        26
      ],
      "label": "모험 적당",
      "desc": "기회 포착과 방어를 병행합니다. 사전 손절 규칙으로 일관성을 높여보세요."
    },
    {
      "range": [
        27,
        32
      ],
      "label": "공격적 감수",
      "desc": "높은 변동성도 감내합니다. 분산·리스크 버짓으로 치명타를 예방하세요."
    }
  ],
  "scoring": {
    "engine": "sum-range"
  },
  "disclaimer": "이 테스트는 오락/자기점검용이며 의학적·심리학적 진단이 아닙니다."
}