{
  "slug": "twice-fandom",
  "title": "TWICE 덕력 테스트",
  "type": "mcq",
  "category": "덕력 테스트",
  "badge": "덕력",
  "questions": [
    {
      "text": "다음 중 TWICE 멤버가 **아닌** 사람은?",
      "options": [
        {
          "label": "SANA"
        },
        {
          "label": "TZUYU"
        },
        {
          "label": "NAYEON"
        },
        {
          "label": "Lisa"
        }
      ],
      "correct_index": 3,
      "explain": ""
    },
    {
      "text": "TWICE의 공식 팬덤명은?",
      "options": [
        {
          "label": "ONCE"
        },
        {
          "label": "ONCE"
        },
        {
          "label": "ARMY"
        },
        {
          "label": "STAY"
        }
      ],
      "correct_index": 0,
      "explain": ""
    },
    {
      "text": "TWICE의 소속(레이블)은?",
      "options": [
        {
          "label": "SM Entertainment"
        },
        {
          "label": "JYP Entertainment"
        },
        {
          "label": "YG Entertainment"
        },
        {
          "label": "JYP Entertainment"
        }
      ],
      "correct_index": 1,
      "explain": ""
    },
    {
      "text": "TWICE의 현재 구성원 수는?",
      "options": [
        {
          "label": "8"
        },
        {
          "label": "11"
        },
        {
          "label": "10"
        },
        {
          "label": "9"
        }
      ],
      "correct_index": 3,
      "explain": ""
    },
    {
      "text": "TWICE의 데뷔 연도는?",
      "options": [
        {
          "label": "2016"
        },
        {
          "label": "2015"
        },
        {
          "label": "2014"
        },
        {
          "label": "2017"
        }
      ],
      "correct_index": 1,
      "explain": ""
    },
    {
      "text": "다음 중 TWICE의 곡은?",
      "options": [
        {
          "label": "Like OOH-AHH"
        },
        {
          "label": "Black Mamba"
        },
        {
          "label": "Attention"
        },
        {
          "label": "Boombayah"
        }
      ],
      "correct_index": 0,
      "explain": ""
    },
    {
      "text": "다음 중 TWICE의 곡이 **아닌** 것은?",
      "options": [
        {
          "label": "Cheer Up"
        },
        {
          "label": "Like OOH-AHH"
        },
        {
          "label": "TT"
        },
        {
          "label": "Boombayah"
        }
      ],
      "correct_index": 3,
      "explain": ""
    },
    {
      "text": "TWICE의 리더는?",
      "options": [
        {
          "label": "JIHYO"
        },
        {
          "label": "SANA"
        },
        {
          "label": "TZUYU"
        },
        {
          "label": "CHAEYOUNG"
        }
      ],
      "correct_index": 0,
      "explain": ""
    },
    {
      "text": "다음 중 TWICE의 곡은?",
      "options": [
        {
          "label": "Like OOH-AHH"
        },
        {
          "label": "Hype Boy"
        },
        {
          "label": "Cheer Up"
        },
        {
          "label": "TT"
        }
      ],
      "correct_index": 0,
      "explain": ""
    },
    {
      "text": "다음 중 TWICE의 곡이 **아닌** 것은?",
      "options": [
        {
          "label": "Cheer Up"
        },
        {
          "label": "Like OOH-AHH"
        },
        {
          "label": "TT"
        },
        {
          "label": "Next Level"
        }
      ],
      "correct_index": 3,
      "explain": ""
    },
    {
      "text": "다음 중 TWICE의 곡은?",
      "options": [
        {
          "label": "Perfect Red Velvet"
        },
        {
          "label": "Taste of Love"
        },
        {
          "label": "Square Two"
        },
        {
          "label": "Skool Luv Affair"
        }
      ],
      "correct_index": 1,
      "explain": ""
    },
    {
      "text": "TWICE의 메인보컬/보컬 라인에 속하는 인물은?",
      "options": [
        {
          "label": "DAHYUN"
        },
        {
          "label": "TZUYU"
        },
        {
          "label": "JIHYO"
        },
        {
          "label": "SANA"
        }
      ],
      "correct_index": 2,
      "explain": ""
    }
  ],
  "scoring": {
    "per_question": 1,
    "correct_gets": 1,
    "wrong_gets": 0
  },
  "result_bands": [
    {
      "min": 0,
      "max": 3,
      "label": "새싹 ONCE",
      "desc": "TWICE의 이름·대표곡을 막 익힌 단계! 퀴즈로 기초를 다졌어요. 데뷔곡·팬덤명·소속사를 한 번 더 복습해보면 금방 성장합니다."
    },
    {
      "min": 4,
      "max": 6,
      "label": "응원단 ONCE",
      "desc": "멤버/팬덤/대표곡 정보가 제법 탄탄합니다. 응원법·활동 타임라인을 조금만 더 보면 실전 감각이 붙어요."
    },
    {
      "min": 7,
      "max": 9,
      "label": "서포트 에이스",
      "desc": "멤버 포지션·소속사·데뷔 연도까지 꽤 정확해요. 신곡/앨범이 뜨면 바로 플레이하는 ONCE의 에이스!"
    },
    {
      "min": 10,
      "max": 11,
      "label": "코어 ONCE",
      "desc": "활동 히스토리와 대표 앨범을 술술! 컴백/콘서트 공지도 손에 잡히네요. 친구 입덕도 자신 있게 안내할 수 있어요."
    },
    {
      "min": 12,
      "max": 12,
      "label": "레전드 TWICE 도슨트",
      "desc": "퀴즈 만점! 데뷔-대표곡-앨범까지 막힘없어요. TWICE 박사님, 오늘도 ONCE의 길잡이 역할 기대합니다."
    }
  ],
  "disclaimer": "이 테스트는 팬 활동을 재미로 점검하는 용도로 제작되었습니다."
}