{
  "slug": "decision-style",
  "title": "의사결정 스타일",
  "type": "likert",
  "scale": "0-4",
  "category": "커리어",
  "badge": "성향",
  "desc": "결정을 내릴 때의 정보 선호와 속도, 확신의 기준을 점검합니다.",
  "questions": [
    {
      "text": "정보가 완벽하지 않아도 60% 확신이면 실행한다",
      "options": [
        {
          "label": "전혀 아니다",
          "score": 0
        },
        {
          "label": "아니다",
          "score": 1
        },
        {
          "label": "보통이다",
          "score": 2
        },
        {
          "label": "그렇다",
          "score": 3
        },
        {
          "label": "매우 그렇다",
          "score": 4
        }
      ]
    },
    {
      "text": "데이터·근거가 충분해야 마음이 놓인다",
      "options": [
        {
          "label": "전혀 아니다",
          "score": 0
        },
        {
          "label": "아니다",
          "score": 1
        },
        {
          "label": "보통이다",
          "score": 2
        },
        {
          "label": "그렇다",
          "score": 3
        },
        {
          "label": "매우 그렇다",
          "score": 4
        }
      ]
    },
    {
      "text": "비슷한 결정에서 과거 경험의 ‘감’을 신뢰한다",
      "options": [
        {
          "label": "전혀 아니다",
          "score": 0
        },
        {
          "label": "아니다",
          "score": 1
        },
        {
          "label": "보통이다",
          "score": 2
        },
        {
          "label": "그렇다",
          "score": 3
        },
        {
          "label": "매우 그렇다",
          "score": 4
        }
      ]
    },
    {
      "text": "선택지를 많이 열어두면 오히려 스트레스를 받는다",
      "options": [
        {
          "label": "전혀 아니다",
          "score": 0
        },
        {
          "label": "아니다",
          "score": 1
        },
        {
          "label": "보통이다",
          "score": 2
        },
        {
          "label": "그렇다",
          "score": 3
        },
        {
          "label": "매우 그렇다",
          "score": 4
        }
      ]
    },
    {
      "text": "최선의 선택보다 ‘충분히 좋은’ 선택을 선호한다",
      "options": [
        {
          "label": "전혀 아니다",
          "score": 0
        },
        {
          "label": "아니다",
          "score": 1
        },
        {
          "label": "보통이다",
          "score": 2
        },
        {
          "label": "그렇다",
          "score": 3
        },
        {
          "label": "매우 그렇다",
          "score": 4
        }
      ]
    },
    {
      "text": "중요한 결정은 잠시 자고 일어나 다시 본다",
      "options": [
        {
          "label": "전혀 아니다",
          "score": 0
        },
        {
          "label": "아니다",
          "score": 1
        },
        {
          "label": "보통이다",
          "score": 2
        },
        {
          "label": "그렇다",
          "score": 3
        },
        {
          "label": "매우 그렇다",
          "score": 4
        }
      ]
    },
    {
      "text": "팀의 다양한 관점을 모아 합의를 만든다",
      "options": [
        {
          "label": "전혀 아니다",
          "score": 0
        },
        {
          "label": "아니다",
          "score": 1
        },
        {
          "label": "보통이다",
          "score": 2
        },
        {
          "label": "그렇다",
          "score": 3
        },
        {
          "label": "매우 그렇다",
          "score": 4
        }
      ]
    },
    {
      "text": "결정 이후에도 더 나은 대안을 자주 검색한다",
      "options": [
        {
          "label": "전혀 아니다",
          "score": 0
        },
        {
          "label": "아니다",
          "score": 1
        },
        {
          "label": "보통이다",
          "score": 2
        },
        {
          "label": "그렇다",
          "score": 3
        },
        {
          "label": "매우 그렇다",
          "score": 4
        }
      ]
    }
  ],
  "results": [
    {
      "range": [
        0,
        8
      ],
      "label": "직관·가속형",
      "desc": "빠른 판단과 실행으로 기회를 잡습니다. 리스크 체크리스트로 보완하면 강력해집니다."
    },
    {
      "range": [
        9,
        17
      ],
      "label": "분석·신중형",
      "desc": "근거에 기반해 안정적 결정을 내립니다. 기회비용을 줄이려 ‘충분 조건’도 정해보세요."
    },
    {
      "range": [
        18,
        26
      ],
      "label": "균형·적응형",
      "desc": "상황에 따라 직관·분석을 전환합니다. 메타결정(판단 기준)을 명시하면 더 빨라집니다."
    },
    {
      "range": [
        27,
        32
      ],
      "label": "확증 탐색형",
      "desc": "결정 뒤에도 최적을 찾느라 소모가 큽니다. ‘만족 기준’을 선명히 두고 폐쇄 시점을 정하세요."
    }
  ],
  "scoring": {
    "engine": "sum-range"
  },
  "disclaimer": "이 테스트는 오락/자기점검용이며 의학적·심리학적 진단이 아닙니다."
}