{
  "slug": "financial-habit",
  "title": "금전 습관 성향",
  "type": "likert",
  "scale": "0-4",
  "category": "라이프스타일",
  "badge": "성향",
  "desc": "예산·저축·투자·소비의 균형 감각을 점검합니다(재정 조언 아님).",
  "questions": [
    {
      "text": "월별 예산을 세우고 실제 지출을 점검한다",
      "options": [
        {
          "label": "전혀 아니다",
          "score": 0
        },
        {
          "label": "아니다",
          "score": 1
        },
        {
          "label": "보통이다",
          "score": 2
        },
        {
          "label": "그렇다",
          "score": 3
        },
        {
          "label": "매우 그렇다",
          "score": 4
        }
      ]
    },
    {
      "text": "비정기 지출(보험, 수선 등)을 미리 적립한다",
      "options": [
        {
          "label": "전혀 아니다",
          "score": 0
        },
        {
          "label": "아니다",
          "score": 1
        },
        {
          "label": "보통이다",
          "score": 2
        },
        {
          "label": "그렇다",
          "score": 3
        },
        {
          "label": "매우 그렇다",
          "score": 4
        }
      ]
    },
    {
      "text": "소액이라도 꾸준히 투자한다",
      "options": [
        {
          "label": "전혀 아니다",
          "score": 0
        },
        {
          "label": "아니다",
          "score": 1
        },
        {
          "label": "보통이다",
          "score": 2
        },
        {
          "label": "그렇다",
          "score": 3
        },
        {
          "label": "매우 그렇다",
          "score": 4
        }
      ]
    },
    {
      "text": "큰 지출 전 대안을 비교·조사한다",
      "options": [
        {
          "label": "전혀 아니다",
          "score": 0
        },
        {
          "label": "아니다",
          "score": 1
        },
        {
          "label": "보통이다",
          "score": 2
        },
        {
          "label": "그렇다",
          "score": 3
        },
        {
          "label": "매우 그렇다",
          "score": 4
        }
      ]
    },
    {
      "text": "충동구매 전 ‘대기 24시간’ 원칙을 적용한다",
      "options": [
        {
          "label": "전혀 아니다",
          "score": 0
        },
        {
          "label": "아니다",
          "score": 1
        },
        {
          "label": "보통이다",
          "score": 2
        },
        {
          "label": "그렇다",
          "score": 3
        },
        {
          "label": "매우 그렇다",
          "score": 4
        }
      ]
    },
    {
      "text": "현금성 자산(비상금)을 확보한다",
      "options": [
        {
          "label": "전혀 아니다",
          "score": 0
        },
        {
          "label": "아니다",
          "score": 1
        },
        {
          "label": "보통이다",
          "score": 2
        },
        {
          "label": "그렇다",
          "score": 3
        },
        {
          "label": "매우 그렇다",
          "score": 4
        }
      ]
    },
    {
      "text": "자동이체·자동저축을 활용한다",
      "options": [
        {
          "label": "전혀 아니다",
          "score": 0
        },
        {
          "label": "아니다",
          "score": 1
        },
        {
          "label": "보통이다",
          "score": 2
        },
        {
          "label": "그렇다",
          "score": 3
        },
        {
          "label": "매우 그렇다",
          "score": 4
        }
      ]
    },
    {
      "text": "지출을 가치·만족도로 리뷰한다",
      "options": [
        {
          "label": "전혀 아니다",
          "score": 0
        },
        {
          "label": "아니다",
          "score": 1
        },
        {
          "label": "보통이다",
          "score": 2
        },
        {
          "label": "그렇다",
          "score": 3
        },
        {
          "label": "매우 그렇다",
          "score": 4
        }
      ]
    }
  ],
  "results": [
    {
      "range": [
        0,
        8
      ],
      "label": "예산 계획형",
      "desc": "계획·점검이 습관입니다. 자동화·리뷰로 지속성을 높이세요."
    },
    {
      "range": [
        9,
        17
      ],
      "label": "절약 최적화형",
      "desc": "누수 제거에 강점이 있습니다. 지나친 절약으로 소진되지 않게 조절하세요."
    },
    {
      "range": [
        18,
        26
      ],
      "label": "적극 투자형",
      "desc": "미래 가치를 중시합니다. 분산·리스크 감수 기준을 명확히 하세요."
    },
    {
      "range": [
        27,
        32
      ],
      "label": "감각 소비형",
      "desc": "즉각 만족에 민감합니다. 예산 버킷·대기 규칙을 두면 균형이 좋아집니다."
    }
  ],
  "scoring": {
    "engine": "sum-range"
  },
  "disclaimer": "이 테스트는 오락/자기점검용이며 의학적·심리학적 진단이 아닙니다."
}