{
  "slug": "procrastination-profile",
  "title": "미루기 유형 체크",
  "type": "likert",
  "scale": "0-4",
  "category": "교육",
  "badge": "지표",
  "desc": "동기·기대·지연·충동성의 균형을 간단 점검합니다.",
  "questions": [
    {
      "text": "마감이 가까워져야 추진력이 붙는다",
      "options": [
        {
          "label": "전혀 아니다",
          "score": 0
        },
        {
          "label": "아니다",
          "score": 1
        },
        {
          "label": "보통이다",
          "score": 2
        },
        {
          "label": "그렇다",
          "score": 3
        },
        {
          "label": "매우 그렇다",
          "score": 4
        }
      ]
    },
    {
      "text": "관심 없는 일은 ‘나중에 더 잘할 수 있을 때’로 미룬다",
      "options": [
        {
          "label": "전혀 아니다",
          "score": 0
        },
        {
          "label": "아니다",
          "score": 1
        },
        {
          "label": "보통이다",
          "score": 2
        },
        {
          "label": "그렇다",
          "score": 3
        },
        {
          "label": "매우 그렇다",
          "score": 4
        }
      ]
    },
    {
      "text": "작게 쪼개면 시작이 쉬워진다",
      "options": [
        {
          "label": "전혀 아니다",
          "score": 0
        },
        {
          "label": "아니다",
          "score": 1
        },
        {
          "label": "보통이다",
          "score": 2
        },
        {
          "label": "그렇다",
          "score": 3
        },
        {
          "label": "매우 그렇다",
          "score": 4
        }
      ]
    },
    {
      "text": "완벽하지 않으면 시작하기 어렵다",
      "options": [
        {
          "label": "전혀 아니다",
          "score": 0
        },
        {
          "label": "아니다",
          "score": 1
        },
        {
          "label": "보통이다",
          "score": 2
        },
        {
          "label": "그렇다",
          "score": 3
        },
        {
          "label": "매우 그렇다",
          "score": 4
        }
      ]
    },
    {
      "text": "즉각적 보상이 없으면 동기가 급격히 줄어든다",
      "options": [
        {
          "label": "전혀 아니다",
          "score": 0
        },
        {
          "label": "아니다",
          "score": 1
        },
        {
          "label": "보통이다",
          "score": 2
        },
        {
          "label": "그렇다",
          "score": 3
        },
        {
          "label": "매우 그렇다",
          "score": 4
        }
      ]
    },
    {
      "text": "계획보다 순간 기분이 선택을 좌우한다",
      "options": [
        {
          "label": "전혀 아니다",
          "score": 0
        },
        {
          "label": "아니다",
          "score": 1
        },
        {
          "label": "보통이다",
          "score": 2
        },
        {
          "label": "그렇다",
          "score": 3
        },
        {
          "label": "매우 그렇다",
          "score": 4
        }
      ]
    },
    {
      "text": "진행 상황을 시각화하면 꾸준해진다",
      "options": [
        {
          "label": "전혀 아니다",
          "score": 0
        },
        {
          "label": "아니다",
          "score": 1
        },
        {
          "label": "보통이다",
          "score": 2
        },
        {
          "label": "그렇다",
          "score": 3
        },
        {
          "label": "매우 그렇다",
          "score": 4
        }
      ]
    },
    {
      "text": "마감이 멀수록 다른 일에 쉽게 새나간다",
      "options": [
        {
          "label": "전혀 아니다",
          "score": 0
        },
        {
          "label": "아니다",
          "score": 1
        },
        {
          "label": "보통이다",
          "score": 2
        },
        {
          "label": "그렇다",
          "score": 3
        },
        {
          "label": "매우 그렇다",
          "score": 4
        }
      ]
    }
  ],
  "results": [
    {
      "range": [
        0,
        8
      ],
      "label": "완벽주의 미룸",
      "desc": "완성도 기준이 높아 착수 자체가 늦어집니다. ‘최소 실행 버전(MVP)’을 먼저 정해보세요."
    },
    {
      "range": [
        9,
        17
      ],
      "label": "과부하 회피",
      "desc": "과제가 커 보일수록 회피가 늘어납니다. 10분 타이머·세분화로 진입 장벽을 낮추세요."
    },
    {
      "range": [
        18,
        26
      ],
      "label": "흥미추구 지연",
      "desc": "재미·보상에 민감합니다. 즉시 보상 루프(체크인·리워드)를 설계해보세요."
    },
    {
      "range": [
        27,
        32
      ],
      "label": "결정회피형",
      "desc": "선택 피로로 멈춥니다. 선택지 3개 제한·마감 예약으로 에너지를 아끼세요."
    }
  ],
  "scoring": {
    "engine": "sum-range"
  },
  "disclaimer": "이 테스트는 오락/자기점검용이며 의학적·심리학적 진단이 아닙니다."
}