{
  "slug": "resilience-mini",
  "title": "회복탄력성 미니 체크",
  "type": "likert",
  "scale": "0-4",
  "category": "라이프스타일",
  "badge": "지표",
  "desc": "어려움 이후 다시 일어서는 힘의 단서를 간단히 살펴봅니다.",
  "questions": [
    {
      "text": "실패를 배움의 기회로 재해석한다",
      "options": [
        {
          "label": "전혀 아니다",
          "score": 0
        },
        {
          "label": "아니다",
          "score": 1
        },
        {
          "label": "보통이다",
          "score": 2
        },
        {
          "label": "그렇다",
          "score": 3
        },
        {
          "label": "매우 그렇다",
          "score": 4
        }
      ]
    },
    {
      "text": "상황이 바뀌면 계획을 유연하게 조정한다",
      "options": [
        {
          "label": "전혀 아니다",
          "score": 0
        },
        {
          "label": "아니다",
          "score": 1
        },
        {
          "label": "보통이다",
          "score": 2
        },
        {
          "label": "그렇다",
          "score": 3
        },
        {
          "label": "매우 그렇다",
          "score": 4
        }
      ]
    },
    {
      "text": "도움이 필요할 때 주저하지 않고 요청한다",
      "options": [
        {
          "label": "전혀 아니다",
          "score": 0
        },
        {
          "label": "아니다",
          "score": 1
        },
        {
          "label": "보통이다",
          "score": 2
        },
        {
          "label": "그렇다",
          "score": 3
        },
        {
          "label": "매우 그렇다",
          "score": 4
        }
      ]
    },
    {
      "text": "작은 성취를 기록하며 동기를 회복한다",
      "options": [
        {
          "label": "전혀 아니다",
          "score": 0
        },
        {
          "label": "아니다",
          "score": 1
        },
        {
          "label": "보통이다",
          "score": 2
        },
        {
          "label": "그렇다",
          "score": 3
        },
        {
          "label": "매우 그렇다",
          "score": 4
        }
      ]
    },
    {
      "text": "힘든 상황에서도 의미를 찾으려 한다",
      "options": [
        {
          "label": "전혀 아니다",
          "score": 0
        },
        {
          "label": "아니다",
          "score": 1
        },
        {
          "label": "보통이다",
          "score": 2
        },
        {
          "label": "그렇다",
          "score": 3
        },
        {
          "label": "매우 그렇다",
          "score": 4
        }
      ]
    },
    {
      "text": "규칙적인 생활이 나를 보호해 준다",
      "options": [
        {
          "label": "전혀 아니다",
          "score": 0
        },
        {
          "label": "아니다",
          "score": 1
        },
        {
          "label": "보통이다",
          "score": 2
        },
        {
          "label": "그렇다",
          "score": 3
        },
        {
          "label": "매우 그렇다",
          "score": 4
        }
      ]
    },
    {
      "text": "문제를 작은 단계로 쪼개서 다룬다",
      "options": [
        {
          "label": "전혀 아니다",
          "score": 0
        },
        {
          "label": "아니다",
          "score": 1
        },
        {
          "label": "보통이다",
          "score": 2
        },
        {
          "label": "그렇다",
          "score": 3
        },
        {
          "label": "매우 그렇다",
          "score": 4
        }
      ]
    },
    {
      "text": "몸을 움직이면 마음도 가벼워진다",
      "options": [
        {
          "label": "전혀 아니다",
          "score": 0
        },
        {
          "label": "아니다",
          "score": 1
        },
        {
          "label": "보통이다",
          "score": 2
        },
        {
          "label": "그렇다",
          "score": 3
        },
        {
          "label": "매우 그렇다",
          "score": 4
        }
      ]
    }
  ],
  "results": [
    {
      "range": [
        0,
        8
      ],
      "label": "높은 회복탄력",
      "desc": "재해석·유연성·지지활용이 균형 잡혀 있습니다. 장기 도전에서 강점을 보입니다."
    },
    {
      "range": [
        9,
        16
      ],
      "label": "안정적 기반",
      "desc": "기본 자원이 잘 갖춰져 있습니다. 회복 루틴을 명시해두면 더 좋아집니다."
    },
    {
      "range": [
        17,
        24
      ],
      "label": "발판 구축",
      "desc": "몇몇 요소가 약합니다. 작은 습관과 관계 자원을 먼저 다져보세요."
    },
    {
      "range": [
        25,
        32
      ],
      "label": "위태로움",
      "desc": "지속 어려움이 느껴지면 전문가 도움을 검토하세요. 자기연민·휴식이 출발점입니다."
    }
  ],
  "scoring": {
    "engine": "sum-range"
  },
  "disclaimer": "이 테스트는 오락/자기점검용이며 의학적·심리학적 진단이 아닙니다."
}