{
  "categories": [
    "엔터테인먼트",
    "연애&결혼",
    "라이프스타일",
    "교육",
    "부모&육아",
    "커리어",
    "덕력 테스트"
  ],
  "items": [
    {
      "slug": "teenping-mbti",
      "title": "티니핑 MBTI 유형테스트",
      "subtitle": "12문항으로 알아보는 나와 닮은 티니핑 (비공식)",
      "category": "엔터테인먼트",
      "badge": "MBTI",
      "author": "유형테스트",
      "image": "/og/teenping-mbti.svg"
    },
    {
      "slug": "love-style",
      "title": "이번 달 내 사랑운",
      "subtitle": "12문항으로 보는 이달의 연애 흐름 (엔터테인먼트)",
      "category": "연애&결혼",
      "badge": "운세",
      "author": "유형테스트",
      "image": "/og/love-style.svg"
    },
    {
      "slug": "love-rank",
      "title": "연애 직급 테스트",
      "subtitle": "12문항으로 알아보는 내 연애 직급",
      "category": "연애&결혼",
      "badge": "연애",
      "author": "유형테스트",
      "image": "/og/love-rank.svg"
    },
    {
      "slug": "study-habit",
      "title": "공부 습관 자가진단",
      "subtitle": "집중/계획/실행 습관 점검",
      "category": "교육",
      "badge": "습관",
      "author": "유형테스트",
      "image": "/og/study-habit.svg"
    },
    {
      "slug": "leaf-level",
      "title": "깻잎 레벨 테스트",
      "subtitle": "관여·자율의 경계 어디쯤?",
      "category": "연애&결혼",
      "badge": "연애",
      "author": "유형테스트",
      "image": "/og/love-thermo.svg"
    },
    {
      "slug": "love-thermo",
      "title": "내 연애 녹는점·끓는점",
      "subtitle": "호감이 녹는 순간 vs. 화가 끓는 순간",
      "category": "연애&결혼",
      "badge": "연애",
      "author": "유형테스트",
      "image": "/og/leaf-level.svg"
    },
    {
      "slug": "k-parent",
      "title": "K-부모 테스트",
      "subtitle": "한국형 양육 문화를 나는 얼마나 닮았나",
      "category": "부모&육아",
      "badge": "부모",
      "author": "유형테스트",
      "image": "/og/k-parent.svg"
    },
    {
      "slug": "office-pastlife",
      "title": "직장인 전생 테스트",
      "subtitle": "내 업무 습관으로 추정한 전생 스타일",
      "category": "엔터테인먼트",
      "badge": "전생",
      "author": "유형테스트",
      "image": "/og/office-pastlife.svg"
    },
    {
      "slug": "geumjjok",
      "title": "금쪽이 테스트",
      "subtitle": "내 안의 금쪽력(?)을 가볍게 점검",
      "category": "부모&육아",
      "badge": "성향",
      "author": "유형테스트",
      "image": "/og/geumjjok.svg"
    },
    {
      "slug": "mom-type",
      "title": "당신은 어떤 엄마일까요?",
      "subtitle": "돌봄·규칙·공감의 균형을 체크",
      "category": "부모&육아",
      "badge": "부모",
      "author": "유형테스트",
      "image": "/og/mom-type.svg"
    },
    {
      "slug": "psychopath-check",
      "title": "사이코패스 경향 자가체크",
      "subtitle": "12문항으로 가볍게 점검 (엔터테인먼트)",
      "category": "라이프스타일",
      "badge": "성향",
      "author": "유형테스트",
      "image": "/og/psychopath-check.svg"
    },
    {
      "slug": "sociopath-check",
      "title": "소시오패스 경향 자가체크",
      "subtitle": "12문항으로 가볍게 점검 (엔터테인먼트)",
      "category": "라이프스타일",
      "badge": "성향",
      "author": "유형테스트",
      "image": "/og/sociopath-check.svg"
    },
    {
      "slug": "spicy-mbti",
      "title": "MBTI 매운맛 테스트",
      "subtitle": "12문항, 선호의 끝맛까지!",
      "category": "엔터테인먼트",
      "badge": "MBTI",
      "author": "유형테스트",
      "image": "/og/spicy-mbti.svg"
    },
    {
      "slug": "couple-arguing",
      "title": "커플 논쟁 테스트 1",
      "subtitle": "우린 말할 때 몇 도(℃)일까?",
      "category": "연애&결혼",
      "badge": "커플",
      "author": "유형테스트",
      "image": "/og/couple-arguing.svg"
    },
    {
      "slug": "couple-arguing2",
      "title": "커플 논쟁 테스트 2",
      "subtitle": "갈등 대처 전략 유형",
      "category": "연애&결혼",
      "badge": "커플",
      "author": "유형테스트",
      "image": "/og/couple-arguing2.svg"
    },
    {
      "slug": "love-hormone",
      "title": "연애 호르몬 테스트",
      "subtitle": "내 연애 에너지의 맛은?",
      "category": "연애&결혼",
      "badge": "성향",
      "author": "유형테스트",
      "image": "/og/love-hormone.svg"
    },
    {
      "slug": "emosense-test",
      "title": "감성력 테스트",
      "subtitle": "관찰·공감·조절의 균형",
      "category": "라이프스타일",
      "badge": "성향",
      "author": "유형테스트",
      "image": "/og/emosense-test.svg"
    },
    {
      "slug": "girlexpert",
      "title": "여잘알 테스트",
      "subtitle": "가볍게 즐기는 상식 퀴즈",
      "category": "엔터테인먼트",
      "badge": "상식",
      "author": "유형테스트",
      "image": "/og/girlexpert.svg"
    },
    {
      "slug": "mind-signal",
      "title": "마음 시그널 테스트",
      "subtitle": "호감·관심 시그널 읽기 감각",
      "category": "연애&결혼",
      "badge": "연애",
      "author": "유형테스트",
      "image": "/og/mind-signal.svg"
    },
    {
      "slug": "work-style",
      "title": "업무 성향 TEST",
      "subtitle": "일할 때의 나, 실무 성향 자가진단",
      "category": "커리어",
      "badge": "커리어",
      "author": "유형테스트",
      "image": "/og/work-style.svg"
    },
    {
      "slug": "job-compat",
      "title": "지금 하는 일 궁합 테스트",
      "subtitle": "현재 직무와의 핏을 점검",
      "category": "커리어",
      "badge": "직무",
      "author": "유형테스트",
      "image": "/og/job-compat.svg"
    },
    {
      "slug": "dev-type",
      "title": "개발자 유형 테스트",
      "subtitle": "문제 해결·협업·생산성 스타일",
      "category": "커리어",
      "badge": "개발",
      "author": "유형테스트",
      "image": "/og/dev-type.svg"
    },
    {
      "slug": "17first-impression",
      "title": "17금 첫인상 테스트",
      "subtitle": "재미로 보는 첫인상 유형",
      "category": "엔터테인먼트",
      "badge": "밈",
      "author": "유형테스트",
      "image": "/og/17first-impression.svg"
    },
    {
      "slug": "txt-fandom",
      "title": "투모로우바이투게더 덕력 테스트",
      "subtitle": "스스로 점검하는 팬력 12문항",
      "category": "덕력 테스트",
      "badge": "덕력",
      "author": "유형테스트",
      "image": "/og/txt-fandom.svg"
    },
    {
      "slug": "ive-fandom",
      "title": "아이브 덕력 테스트",
      "subtitle": "스스로 점검하는 팬력 12문항",
      "category": "덕력 테스트",
      "badge": "덕력",
      "author": "유형테스트",
      "image": "/og/ive-fandom.svg"
    },
    {
      "slug": "bts-fandom",
      "title": "BTS 덕력 테스트",
      "subtitle": "스스로 점검하는 팬력 12문항",
      "category": "덕력 테스트",
      "badge": "덕력",
      "author": "유형테스트",
      "image": "/og/bts-fandom.svg"
    },
    {
      "slug": "blackpink-fandom",
      "title": "BLACKPINK 덕력 테스트",
      "subtitle": "스스로 점검하는 팬력 12문항",
      "category": "덕력 테스트",
      "badge": "덕력",
      "author": "유형테스트",
      "image": "/og/blackpink-fandom.svg"
    },
    {
      "slug": "twice-fandom",
      "title": "TWICE 덕력 테스트",
      "subtitle": "스스로 점검하는 팬력 12문항",
      "category": "덕력 테스트",
      "badge": "덕력",
      "author": "유형테스트",
      "image": "/og/twice-fandom.svg"
    },
    {
      "slug": "seventeen-fandom",
      "title": "SEVENTEEN 덕력 테스트",
      "subtitle": "스스로 점검하는 팬력 12문항",
      "category": "덕력 테스트",
      "badge": "덕력",
      "author": "유형테스트",
      "image": "/og/seventeen-fandom.svg"
    },
    {
      "slug": "nct-dream-fandom",
      "title": "NCT DREAM 덕력 테스트",
      "subtitle": "스스로 점검하는 팬력 12문항",
      "category": "덕력 테스트",
      "badge": "덕력",
      "author": "유형테스트",
      "image": "/og/nct-dream-fandom.svg"
    },
    {
      "slug": "newjeans-fandom",
      "title": "NewJeans 덕력 테스트",
      "subtitle": "스스로 점검하는 팬력 12문항",
      "category": "덕력 테스트",
      "badge": "덕력",
      "author": "유형테스트",
      "image": "/og/newjeans-fandom.svg"
    },
    {
      "slug": "stray-kids-fandom",
      "title": "Stray Kids 덕력 테스트",
      "subtitle": "스스로 점검하는 팬력 12문항",
      "category": "덕력 테스트",
      "badge": "덕력",
      "author": "유형테스트",
      "image": "/og/stray-kids-fandom.svg"
    },
    {
      "slug": "red-velvet-fandom",
      "title": "Red Velvet 덕력 테스트",
      "subtitle": "스스로 점검하는 팬력 12문항",
      "category": "덕력 테스트",
      "badge": "덕력",
      "author": "유형테스트",
      "image": "/og/red-velvet-fandom.svg"
    },
    {
      "slug": "aespa-fandom",
      "title": "aespa 덕력 테스트",
      "subtitle": "스스로 점검하는 팬력 12문항",
      "category": "덕력 테스트",
      "badge": "덕력",
      "author": "유형테스트",
      "image": "/og/aespa-fandom.svg"
    },
    {
      "slug": "le-sserafim-fandom",
      "title": "LE SSERAFIM 덕력 테스트",
      "subtitle": "스스로 점검하는 팬력 12문항",
      "category": "덕력 테스트",
      "badge": "덕력",
      "author": "유형테스트",
      "image": "/og/le-sserafim-fandom.svg"
    },
    {
      "slug": "sleep-quality",
      "title": "수면의 질 간이검사",
      "subtitle": "리듬·숙면·회복감",
      "category": "라이프스타일",
      "badge": "수면",
      "author": "유형테스트",
      "image": "/og/sleep-quality.svg"
    },
    {
      "slug": "resilience-index",
      "title": "회복탄력성 지수",
      "subtitle": "스트레스 후 회복력",
      "category": "라이프스타일",
      "badge": "성향",
      "author": "유형테스트",
      "image": "/og/resilience-index.svg"
    },
    {
      "slug": "burnout-risk",
      "title": "번아웃 위험도 체크",
      "subtitle": "소진 신호 점검",
      "category": "커리어",
      "badge": "스트레스",
      "author": "유형테스트",
      "image": "/og/burnout-risk.svg"
    },
    {
      "slug": "emotion-regulation",
      "title": "감정조절 전략 프로파일",
      "subtitle": "재해석·표현·자기돌봄",
      "category": "라이프스타일",
      "badge": "자기관리",
      "author": "유형테스트",
      "image": "/og/emotion-regulation.svg"
    },
    {
      "slug": "communication-style",
      "title": "대인 소통 스타일 체크",
      "subtitle": "경청·표현·갈등대처",
      "category": "커리어",
      "badge": "소통",
      "author": "유형테스트",
      "image": "/og/communication-style.svg"
    },
    {
      "slug": "perfectionism-check",
      "title": "완벽주의 경향 체크",
      "subtitle": "기준·오류 민감도",
      "category": "커리어",
      "badge": "성향",
      "author": "유형테스트",
      "image": "/og/perfectionism.svg"
    },
    {
      "slug": "smartphone-balance",
      "title": "스마트폰 사용 균형 체크",
      "subtitle": "집중·수면·관계",
      "category": "라이프스타일",
      "badge": "습관",
      "author": "유형테스트",
      "image": "/og/smartphone-balance.svg"
    },
    {
      "slug": "empathy-index",
      "title": "공감능력 지수",
      "subtitle": "경청·정서·행동 공감",
      "category": "라이프스타일",
      "badge": "소통",
      "author": "유형테스트",
      "image": "/og/empathy-index.svg"
    },
    {
      "slug": "message-tone-color",
      "title": "메시지 톤 컬러",
      "subtitle": "내 말투의 색감 찾기",
      "category": "라이프스타일",
      "badge": "소통",
      "author": "유형테스트",
      "image": "/og/message-tone-color.svg"
    },
    {
      "slug": "intuition-ping",
      "title": "직감 ‘핑’ 지수",
      "subtitle": "직감 vs 분석의 균형",
      "category": "라이프스타일",
      "badge": "성향",
      "author": "유형테스트",
      "image": "/og/intuition-ping.svg"
    },
    {
      "slug": "aura-spectrum",
      "title": "아우라 스펙트럼",
      "subtitle": "나의 분위기 에너지",
      "category": "엔터테인먼트",
      "badge": "아우라",
      "author": "유형테스트",
      "image": "/og/aura-spectrum.svg"
    },
    {
      "slug": "destiny-animal",
      "title": "운명의 동물",
      "subtitle": "나를 닮은 동물 찾기",
      "category": "엔터테인먼트",
      "badge": "동물",
      "author": "유형테스트",
      "image": "/og/destiny-animal.svg"
    },
    {
      "slug": "love-style-spectrum",
      "title": "연애 성향 스펙트럼",
      "subtitle": "표현·애착·주도 밸런스",
      "category": "연애&결혼",
      "badge": "연애",
      "author": "유형테스트",
      "image": "/og/love-style-spectrum.svg"
    },
    {
      "slug": "marriage-readiness",
      "title": "결혼 준비 지수",
      "subtitle": "합의·재정·생활 루틴",
      "category": "연애&결혼",
      "badge": "결혼",
      "author": "유형테스트",
      "image": "/og/marriage-readiness.svg"
    },
    {
      "slug": "ideal-type-male",
      "title": "이상형 스타일 (남성편)",
      "subtitle": "돌봄·재미·안정·자유",
      "category": "연애&결혼",
      "badge": "이상형",
      "author": "유형테스트",
      "image": "/og/ideal-type-male.svg"
    },
    {
      "slug": "dating-lead-spectrum",
      "title": "연애 리드/대응 스펙트럼",
      "subtitle": "주도성·배려 밸런스",
      "category": "연애&결혼",
      "badge": "연애",
      "author": "유형테스트",
      "image": "/og/dating-lead-spectrum.svg"
    },
    {
      "slug": "dating-strategy",
      "title": "연애 공략법",
      "subtitle": "첫 만남→유지 전략",
      "category": "연애&결혼",
      "badge": "팁",
      "author": "유형테스트",
      "image": "/og/dating-strategy.svg"
    },
    {
      "slug": "ideal-type-female",
      "title": "이상형 스타일 (여성편)",
      "subtitle": "돌봄·재미·안정·자유",
      "category": "연애&결혼",
      "badge": "이상형",
      "author": "유형테스트",
      "image": "/og/ideal-type-female.svg"
    },
    {
      "slug": "attachment-style",
      "title": "애착 스타일 스펙트럼",
      "subtitle": "연애·관계에서 보이는 기본 반응 패턴",
      "category": "연애&결혼",
      "badge": "성향",
      "author": "유형테스트",
      "image": "/og/love-style.svg"
    },
    {
      "slug": "conflict-approach",
      "title": "갈등 접근 경향",
      "subtitle": "문제·관계·속도 중 무엇을 먼저 지키나",
      "category": "라이프스타일",
      "badge": "성향",
      "author": "유형테스트",
      "image": "/og/communication-style.svg"
    },
    {
      "slug": "decision-style",
      "title": "의사결정 스타일",
      "subtitle": "직관 vs 분석, 속도 vs 확실성",
      "category": "커리어",
      "badge": "성향",
      "author": "유형테스트",
      "image": "/og/work-style.svg"
    },
    {
      "slug": "procrastination-profile",
      "title": "미루기 유형 체크",
      "subtitle": "왜 지금 시작이 어려운가",
      "category": "교육",
      "badge": "지표",
      "author": "유형테스트",
      "image": "/og/study-habit.svg"
    },
    {
      "slug": "risk-tolerance",
      "title": "위험 감수 성향",
      "subtitle": "보수와 모험 사이 나의 기준",
      "category": "라이프스타일",
      "badge": "성향",
      "author": "유형테스트",
      "image": "/og/leaf-level.svg"
    },
    {
      "slug": "growth-mindset",
      "title": "성장 마인드셋 체크",
      "subtitle": "능력은 개발될 수 있다는 믿음",
      "category": "교육",
      "badge": "지표",
      "author": "유형테스트",
      "image": "/og/aura-spectrum.svg"
    },
    {
      "slug": "habit-builder",
      "title": "습관 형성 스타일",
      "subtitle": "나는 무엇으로 꾸준해지는가",
      "category": "라이프스타일",
      "badge": "성향",
      "author": "유형테스트",
      "image": "/og/leaf-level.svg"
    },
    {
      "slug": "time-management",
      "title": "시간관리 성향",
      "subtitle": "중요-긴급, 블록·마감, 흐름",
      "category": "커리어",
      "badge": "성향",
      "author": "유형테스트",
      "image": "/og/work-style.svg"
    },
    {
      "slug": "focus-style",
      "title": "몰입·주의 스타일",
      "subtitle": "딥워크 vs 스프린트 vs 상호작용",
      "category": "커리어",
      "badge": "성향",
      "author": "유형테스트",
      "image": "/og/intuition-ping.svg"
    },
    {
      "slug": "creativity-style",
      "title": "창의 문제해결 접근",
      "subtitle": "발산·수렴·통합·연결",
      "category": "커리어",
      "badge": "성향",
      "author": "유형테스트",
      "image": "/og/aura-spectrum.svg"
    },
    {
      "slug": "leadership-flavor",
      "title": "리더십 스타일",
      "subtitle": "비전·코칭·민주·성과",
      "category": "커리어",
      "badge": "성향",
      "author": "유형테스트",
      "image": "/og/work-style.svg"
    },
    {
      "slug": "team-role-lite",
      "title": "팀 내 역할 경향",
      "subtitle": "전략·실행·조율·품질",
      "category": "커리어",
      "badge": "성향",
      "author": "유형테스트",
      "image": "/og/job-compat.svg"
    },
    {
      "slug": "stress-coping-style",
      "title": "스트레스 대처 스타일",
      "subtitle": "문제·정서·회피·지지",
      "category": "라이프스타일",
      "badge": "지표",
      "author": "유형테스트",
      "image": "/og/emotion-regulation.svg"
    },
    {
      "slug": "negotiation-stance",
      "title": "협상 태도 유형",
      "subtitle": "통합·원칙·타협·경쟁",
      "category": "커리어",
      "badge": "성향",
      "author": "유형테스트",
      "image": "/og/communication-style.svg"
    },
    {
      "slug": "feedback-preference",
      "title": "피드백 선호도",
      "subtitle": "직설·배려·데이터·코칭",
      "category": "커리어",
      "badge": "성향",
      "author": "유형테스트",
      "image": "/og/communication-style.svg"
    },
    {
      "slug": "boundaries-index",
      "title": "개인 경계 선명도",
      "subtitle": "요구·한계·책임의 구획",
      "category": "라이프스타일",
      "badge": "지표",
      "author": "유형테스트",
      "image": "/og/leaf-level.svg"
    },
    {
      "slug": "digital-hygiene",
      "title": "디지털 위생 점검",
      "subtitle": "알림·스크린타임·집중도",
      "category": "라이프스타일",
      "badge": "지표",
      "author": "유형테스트",
      "image": "/og/smartphone-balance.svg"
    },
    {
      "slug": "financial-habit",
      "title": "금전 습관 성향",
      "subtitle": "예산·절약·투자·소비",
      "category": "라이프스타일",
      "badge": "성향",
      "author": "유형테스트",
      "image": "/og/leaf-level.svg"
    },
    {
      "slug": "learning-approach",
      "title": "학습 접근 전략",
      "subtitle": "심층·전략·표면·경험",
      "category": "교육",
      "badge": "성향",
      "author": "유형테스트",
      "image": "/og/study-habit.svg"
    },
    {
      "slug": "sleep-rhythm",
      "title": "수면 리듬 성향",
      "subtitle": "아침형·중간형·밤형·불규칙",
      "category": "라이프스타일",
      "badge": "지표",
      "author": "유형테스트",
      "image": "/og/sleep-quality.svg"
    },
    {
      "slug": "social-energy",
      "title": "사교 에너지 프로필",
      "subtitle": "혼자 충전 vs 사람과 충전",
      "category": "라이프스타일",
      "badge": "성향",
      "author": "유형테스트",
      "image": "/og/aura-spectrum.svg"
    },
    {
      "slug": "empathy-style",
      "title": "공감 표현 스타일",
      "subtitle": "경청·정서·해결·지지",
      "category": "라이프스타일",
      "badge": "성향",
      "author": "유형테스트",
      "image": "/og/communication-style.svg"
    },
    {
      "slug": "resilience-mini",
      "title": "회복탄력성 미니 체크",
      "subtitle": "낙관·유연·관계·의미",
      "category": "라이프스타일",
      "badge": "지표",
      "author": "유형테스트",
      "image": "/og/intuition-ping.svg"
    },
    {
      "slug": "change-adapt",
      "title": "변화 적응 스타일",
      "subtitle": "예측·실험·속도·안정",
      "category": "커리어",
      "badge": "성향",
      "author": "유형테스트",
      "image": "/og/work-style.svg"
    },
    {
      "slug": "curiosity-spectrum",
      "title": "호기심 스펙트럼",
      "subtitle": "탐색·수집·깊이·연결",
      "category": "교육",
      "badge": "성향",
      "author": "유형테스트",
      "image": "/og/aura-spectrum.svg"
    },
    {
      "slug": "planning-horizon",
      "title": "계획 지평 성향",
      "subtitle": "단기·중기·장기·기회",
      "category": "커리어",
      "badge": "성향",
      "author": "유형테스트",
      "image": "/og/work-style.svg"
    },
    {
      "slug": "learning-modality",
      "title": "학습 입력 선호",
      "subtitle": "텍스트·시각·청각·체험",
      "category": "교육",
      "badge": "선호",
      "author": "유형테스트",
      "image": "/og/study-habit.svg"
    },
    {
      "slug": "remote-work-fit",
      "title": "원격근무 적합 경향",
      "subtitle": "자율·소통·리듬·환경",
      "category": "커리어",
      "badge": "지표",
      "author": "유형테스트",
      "image": "/og/job-compat.svg"
    },
    {
      "slug": "meeting-style",
      "title": "회의 참여 스타일",
      "subtitle": "촉진·정리·추진·성찰",
      "category": "커리어",
      "badge": "역할",
      "author": "유형테스트",
      "image": "/og/communication-style.svg"
    },
    {
      "slug": "note-taking-style",
      "title": "노트 정리 스타일",
      "subtitle": "개요·지도·아톰·스크랩",
      "category": "교육",
      "badge": "선호",
      "author": "유형테스트",
      "image": "/og/study-habit.svg"
    },
    {
      "slug": "minimal-vs-collector",
      "title": "미니멀 vs 수집가",
      "subtitle": "소유·정리·애착·활용",
      "category": "라이프스타일",
      "badge": "성향",
      "author": "유형테스트",
      "image": "/og/leaf-level.svg"
    },
    {
      "slug": "travel-style",
      "title": "여행 성향",
      "subtitle": "계획·즉흥·문화·휴식",
      "category": "라이프스타일",
      "badge": "선호",
      "author": "유형테스트",
      "image": "/og/aura-spectrum.svg"
    },
    {
      "slug": "food-adventure",
      "title": "식도락·새로움 선호",
      "subtitle": "안정·모험·지역·건강",
      "category": "라이프스타일",
      "badge": "선호",
      "author": "유형테스트",
      "image": "/og/smartphone-balance.svg"
    },
    {
      "slug": "reading-habit",
      "title": "읽기 습관 프로필",
      "subtitle": "심층·큐레이션·사회·에피소드",
      "category": "교육",
      "badge": "성향",
      "author": "유형테스트",
      "image": "/og/study-habit.svg"
    },
    {
      "slug": "gift-style",
      "title": "선물/감사 표현 취향",
      "subtitle": "실용·경험·감성·품질",
      "category": "연애&결혼",
      "badge": "선호",
      "author": "유형테스트",
      "image": "/og/love-style.svg"
    }
  ]
}
