{
  "slug": "couple-arguing",
  "title": "커플 논쟁 테스트 1",
  "subtitle": "우린 말할 때 몇 도(℃)일까?",
  "category": "연애&결혼",
  "badge": "커플",
  "author": "유형테스트",
  "version": "1.0.0",
  "scoring": {
    "engine": "sum-range"
  },
  "intro": "커플 대화의 '온도'를 가볍게 점검합니다. 정답은 없어요. 우리만의 적정 온도를 찾는 참고자료로 보세요.",
  "questions": [
    {
      "id": "q1",
      "title": "말다툼 조짐이 보이면",
      "options": [
        {
          "id": "a",
          "label": "지금 풀자고 먼저 꺼낸다",
          "score": 1
        },
        {
          "id": "b",
          "label": "일단 시간을 갖자고 한다",
          "score": 0
        }
      ]
    },
    {
      "id": "q2",
      "title": "대화 톤",
      "options": [
        {
          "id": "a",
          "label": "직설·고속",
          "score": 1
        },
        {
          "id": "b",
          "label": "완곡·저속",
          "score": 0
        }
      ]
    },
    {
      "id": "q3",
      "title": "상대가 울먹이면",
      "options": [
        {
          "id": "a",
          "label": "핵심으로 돌아오자고 이끈다",
          "score": 1
        },
        {
          "id": "b",
          "label": "감정부터 안정시키려 한다",
          "score": 0
        }
      ]
    },
    {
      "id": "q4",
      "title": "증거·자료",
      "options": [
        {
          "id": "a",
          "label": "필요하면 바로 찾아 보여준다",
          "score": 1
        },
        {
          "id": "b",
          "label": "지금은 감정이 우선",
          "score": 0
        }
      ]
    },
    {
      "id": "q5",
      "title": "사과 타이밍",
      "options": [
        {
          "id": "a",
          "label": "빠른 사과보다 논리 정리가 먼저",
          "score": 1
        },
        {
          "id": "b",
          "label": "감정 달래기부터",
          "score": 0
        }
      ]
    },
    {
      "id": "q6",
      "title": "대화 시간",
      "options": [
        {
          "id": "a",
          "label": "길어도 한 번에 끝내자",
          "score": 1
        },
        {
          "id": "b",
          "label": "나눠서 차분히 하자",
          "score": 0
        }
      ]
    },
    {
      "id": "q7",
      "title": "메시지 스타일",
      "options": [
        {
          "id": "a",
          "label": "한 문장 핵심",
          "score": 1
        },
        {
          "id": "b",
          "label": "배경·맥락 설명",
          "score": 0
        }
      ]
    },
    {
      "id": "q8",
      "title": "휴대폰·과거 이슈",
      "options": [
        {
          "id": "a",
          "label": "필요하면 확인한다",
          "score": 1
        },
        {
          "id": "b",
          "label": "불신을 키우는 건 피한다",
          "score": 0
        }
      ]
    },
    {
      "id": "q9",
      "title": "3자 조언",
      "options": [
        {
          "id": "a",
          "label": "객관화 위해 듣는다",
          "score": 1
        },
        {
          "id": "b",
          "label": "둘만의 합의가 중요",
          "score": 0
        }
      ]
    },
    {
      "id": "q10",
      "title": "마무리",
      "options": [
        {
          "id": "a",
          "label": "합의문·체크리스트로",
          "score": 1
        },
        {
          "id": "b",
          "label": "안아주기·격려로",
          "score": 0
        }
      ]
    }
  ],
  "results": [
    {
      "id": "ice",
      "title": "아이스(냉정 0~2)",
      "range": [
        0,
        2
      ],
      "summary": "낮은 온도, 감정 폭발을 잘 피함",
      "desc": "과열을 막는 장점이 있지만, 상대는 거리감을 느낄 수 있어요.",
      "tips": [
        "감정 확인 루틴 추가",
        "스킨십·지지 표현 늘리기"
      ],
      "hashtags": [
        "#냉정",
        "#안정"
      ]
    },
    {
      "id": "mild",
      "title": "미지근(3~5)",
      "range": [
        3,
        5
      ],
      "summary": "균형형, 대화 속도 조절이 강점",
      "desc": "상황에 따라 직진·휴식 조합을 잘 씁니다.",
      "tips": [
        "논점-감정 번갈아 다루기",
        "타임아웃 규칙 합의"
      ],
      "hashtags": [
        "#균형",
        "#타임아웃"
      ]
    },
    {
      "id": "warm",
      "title": "따뜻(6~8)",
      "range": [
        6,
        8
      ],
      "summary": "표현적, 합의까지 에너지를 태움",
      "desc": "몰입이 강점이지만 과열 시 번아웃 주의.",
      "tips": [
        "휴식 신호 설정",
        "회복 의식 만들기"
      ],
      "hashtags": [
        "#표현",
        "#회복"
      ]
    },
    {
      "id": "hot",
      "title": "핫(9~10)",
      "range": [
        9,
        10
      ],
      "summary": "고온 직진형, 승부욕 강함",
      "desc": "상대에게는 압박으로 느껴질 수 있어요.",
      "tips": [
        "질문 2:1 규칙",
        "감정·요구 분리 말하기"
      ],
      "hashtags": [
        "#직진",
        "#조율"
      ]
    }
  ]
}