{
  "slug": "change-adapt",
  "title": "변화 적응 스타일",
  "type": "likert",
  "scale": "0-4",
  "category": "커리어",
  "badge": "성향",
  "desc": "새로운 환경·규칙 변화에 반응하는 당신의 기본 전략을 봅니다.",
  "questions": [
    {
      "text": "변화의 목적·효과를 먼저 이해하려 한다",
      "options": [
        {
          "label": "전혀 아니다",
          "score": 0
        },
        {
          "label": "아니다",
          "score": 1
        },
        {
          "label": "보통이다",
          "score": 2
        },
        {
          "label": "그렇다",
          "score": 3
        },
        {
          "label": "매우 그렇다",
          "score": 4
        }
      ]
    },
    {
      "text": "작게 시범 적용해 보며 학습한다",
      "options": [
        {
          "label": "전혀 아니다",
          "score": 0
        },
        {
          "label": "아니다",
          "score": 1
        },
        {
          "label": "보통이다",
          "score": 2
        },
        {
          "label": "그렇다",
          "score": 3
        },
        {
          "label": "매우 그렇다",
          "score": 4
        }
      ]
    },
    {
      "text": "일단 시도하고 보며 빠르게 수정한다",
      "options": [
        {
          "label": "전혀 아니다",
          "score": 0
        },
        {
          "label": "아니다",
          "score": 1
        },
        {
          "label": "보통이다",
          "score": 2
        },
        {
          "label": "그렇다",
          "score": 3
        },
        {
          "label": "매우 그렇다",
          "score": 4
        }
      ]
    },
    {
      "text": "안정·일관성이 흔들리면 스트레스를 받는다",
      "options": [
        {
          "label": "전혀 아니다",
          "score": 0
        },
        {
          "label": "아니다",
          "score": 1
        },
        {
          "label": "보통이다",
          "score": 2
        },
        {
          "label": "그렇다",
          "score": 3
        },
        {
          "label": "매우 그렇다",
          "score": 4
        }
      ]
    },
    {
      "text": "이해관계자에게 변화 이유를 설명하려 노력한다",
      "options": [
        {
          "label": "전혀 아니다",
          "score": 0
        },
        {
          "label": "아니다",
          "score": 1
        },
        {
          "label": "보통이다",
          "score": 2
        },
        {
          "label": "그렇다",
          "score": 3
        },
        {
          "label": "매우 그렇다",
          "score": 4
        }
      ]
    },
    {
      "text": "기존 방식과의 호환을 꼼꼼히 점검한다",
      "options": [
        {
          "label": "전혀 아니다",
          "score": 0
        },
        {
          "label": "아니다",
          "score": 1
        },
        {
          "label": "보통이다",
          "score": 2
        },
        {
          "label": "그렇다",
          "score": 3
        },
        {
          "label": "매우 그렇다",
          "score": 4
        }
      ]
    },
    {
      "text": "실패를 가정한 대비책을 마련한다",
      "options": [
        {
          "label": "전혀 아니다",
          "score": 0
        },
        {
          "label": "아니다",
          "score": 1
        },
        {
          "label": "보통이다",
          "score": 2
        },
        {
          "label": "그렇다",
          "score": 3
        },
        {
          "label": "매우 그렇다",
          "score": 4
        }
      ]
    },
    {
      "text": "초기 혼란을 줄이기 위해 기준을 명확히 둔다",
      "options": [
        {
          "label": "전혀 아니다",
          "score": 0
        },
        {
          "label": "아니다",
          "score": 1
        },
        {
          "label": "보통이다",
          "score": 2
        },
        {
          "label": "그렇다",
          "score": 3
        },
        {
          "label": "매우 그렇다",
          "score": 4
        }
      ]
    }
  ],
  "results": [
    {
      "range": [
        0,
        8
      ],
      "label": "예측·설명형",
      "desc": "맥락·기준을 먼저 잡습니다. 실험을 통해 속도를 보완해보세요."
    },
    {
      "range": [
        9,
        16
      ],
      "label": "실험·검증형",
      "desc": "작게 시도하며 학습합니다. 기준·일관성도 함께 챙기면 좋습니다."
    },
    {
      "range": [
        17,
        24
      ],
      "label": "가속·수정형",
      "desc": "빠른 시도·수정에 강합니다. 이해·합의의 시간을 의도적으로 확보하세요."
    },
    {
      "range": [
        25,
        32
      ],
      "label": "안정 우선형",
      "desc": "일관성을 중시합니다. 점진 도입·지원망으로 불안을 낮춰보세요."
    }
  ],
  "scoring": {
    "engine": "sum-range"
  },
  "disclaimer": "이 테스트는 오락/자기점검용이며 의학적·심리학적 진단이 아닙니다."
}