{
  "slug": "newjeans-fandom",
  "title": "NewJeans 덕력 테스트",
  "type": "mcq",
  "category": "덕력 테스트",
  "badge": "덕력",
  "questions": [
    {
      "text": "다음 중 NewJeans 멤버가 **아닌** 사람은?",
      "options": [
        {
          "label": "홍길동"
        },
        {
          "label": "HANNI"
        },
        {
          "label": "HAERIN"
        },
        {
          "label": "DANIELLE"
        }
      ],
      "correct_index": 0,
      "explain": ""
    },
    {
      "text": "NewJeans의 공식 팬덤명은?",
      "options": [
        {
          "label": "ONCE"
        },
        {
          "label": "STAY"
        },
        {
          "label": "Bunnies"
        },
        {
          "label": "ARMY"
        }
      ],
      "correct_index": 2,
      "explain": ""
    },
    {
      "text": "NewJeans의 소속(레이블)은?",
      "options": [
        {
          "label": "YG Entertainment"
        },
        {
          "label": "ADOR"
        },
        {
          "label": "JYP Entertainment"
        },
        {
          "label": "SM Entertainment"
        }
      ],
      "correct_index": 1,
      "explain": ""
    },
    {
      "text": "NewJeans의 현재 구성원 수는?",
      "options": [
        {
          "label": "6"
        },
        {
          "label": "5"
        },
        {
          "label": "7"
        },
        {
          "label": "4"
        }
      ],
      "correct_index": 1,
      "explain": ""
    },
    {
      "text": "NewJeans의 데뷔 연도는?",
      "options": [
        {
          "label": "2023"
        },
        {
          "label": "2022"
        },
        {
          "label": "2021"
        },
        {
          "label": "2024"
        }
      ],
      "correct_index": 1,
      "explain": ""
    },
    {
      "text": "다음 중 NewJeans의 곡은?",
      "options": [
        {
          "label": "Attention"
        },
        {
          "label": "Happiness"
        },
        {
          "label": "Shut Down"
        },
        {
          "label": "Like OOH-AHH"
        }
      ],
      "correct_index": 0,
      "explain": ""
    },
    {
      "text": "다음 중 NewJeans의 곡이 **아닌** 것은?",
      "options": [
        {
          "label": "Shut Down"
        },
        {
          "label": "Hype Boy"
        },
        {
          "label": "Attention"
        },
        {
          "label": "Ditto"
        }
      ],
      "correct_index": 0,
      "explain": ""
    },
    {
      "text": "NewJeans의 리더는?",
      "options": [
        {
          "label": "MINJI"
        },
        {
          "label": "공식 리더가 없다"
        },
        {
          "label": "HAERIN"
        },
        {
          "label": "HYEIN"
        }
      ],
      "correct_index": 1,
      "explain": ""
    },
    {
      "text": "다음 중 NewJeans의 곡은?",
      "options": [
        {
          "label": "Hype Boy"
        },
        {
          "label": "Attention"
        },
        {
          "label": "TT"
        },
        {
          "label": "Cheer Up"
        }
      ],
      "correct_index": 1,
      "explain": ""
    },
    {
      "text": "다음 중 NewJeans의 곡이 **아닌** 것은?",
      "options": [
        {
          "label": "Ditto"
        },
        {
          "label": "Hype Boy"
        },
        {
          "label": "Next Level"
        },
        {
          "label": "Attention"
        }
      ],
      "correct_index": 2,
      "explain": ""
    },
    {
      "text": "다음 중 NewJeans의 곡은?",
      "options": [
        {
          "label": "Perfect Red Velvet"
        },
        {
          "label": "Square Two"
        },
        {
          "label": "Skool Luv Affair"
        },
        {
          "label": "Get Up"
        }
      ],
      "correct_index": 3,
      "explain": ""
    },
    {
      "text": "NewJeans의 메인보컬/보컬 라인에 속하는 인물은?",
      "options": [
        {
          "label": "MINJI"
        },
        {
          "label": "HAERIN"
        },
        {
          "label": "HYEIN"
        },
        {
          "label": "DANIELLE"
        }
      ],
      "correct_index": 2,
      "explain": ""
    }
  ],
  "scoring": {
    "per_question": 1,
    "correct_gets": 1,
    "wrong_gets": 0
  },
  "result_bands": [
    {
      "min": 0,
      "max": 4,
      "label": "입문",
      "desc": "기본 정보부터 차근차근 익혀봐요."
    },
    {
      "min": 5,
      "max": 8,
      "label": "중수",
      "desc": "꽤 알고 있어요. 콘셉트/활동도 더 파보면 좋아요."
    },
    {
      "min": 9,
      "max": 11,
      "label": "고수",
      "desc": "활동과 음악을 폭넓게 알고 있네요!"
    },
    {
      "min": 12,
      "max": 12,
      "label": "마스터",
      "desc": "덕력 만렙! 디스코그래피와 활동까지 섭렵했습니다."
    }
  ],
  "disclaimer": "이 테스트는 팬 활동을 재미로 점검하는 용도로 제작되었습니다."
}