{
  "slug": "reading-habit",
  "title": "읽기 습관 프로필",
  "type": "likert",
  "scale": "0-4",
  "category": "교육",
  "badge": "성향",
  "desc": "지식/취미 독서에서의 접근 방식을 점검합니다.",
  "questions": [
    {
      "text": "책을 끝까지 읽고 요약을 남긴다",
      "options": [
        {
          "label": "전혀 아니다",
          "score": 0
        },
        {
          "label": "아니다",
          "score": 1
        },
        {
          "label": "보통이다",
          "score": 2
        },
        {
          "label": "그렇다",
          "score": 3
        },
        {
          "label": "매우 그렇다",
          "score": 4
        }
      ]
    },
    {
      "text": "여러 자료를 스캔해 핵심만 모은다",
      "options": [
        {
          "label": "전혀 아니다",
          "score": 0
        },
        {
          "label": "아니다",
          "score": 1
        },
        {
          "label": "보통이다",
          "score": 2
        },
        {
          "label": "그렇다",
          "score": 3
        },
        {
          "label": "매우 그렇다",
          "score": 4
        }
      ]
    },
    {
      "text": "함께 읽고 토론하는 활동이 동기부여가 된다",
      "options": [
        {
          "label": "전혀 아니다",
          "score": 0
        },
        {
          "label": "아니다",
          "score": 1
        },
        {
          "label": "보통이다",
          "score": 2
        },
        {
          "label": "그렇다",
          "score": 3
        },
        {
          "label": "매우 그렇다",
          "score": 4
        }
      ]
    },
    {
      "text": "짧은 글·단편 콘텐츠를 자주 소비한다",
      "options": [
        {
          "label": "전혀 아니다",
          "score": 0
        },
        {
          "label": "아니다",
          "score": 1
        },
        {
          "label": "보통이다",
          "score": 2
        },
        {
          "label": "그렇다",
          "score": 3
        },
        {
          "label": "매우 그렇다",
          "score": 4
        }
      ]
    },
    {
      "text": "메모·밑줄 등 표식을 적극 활용한다",
      "options": [
        {
          "label": "전혀 아니다",
          "score": 0
        },
        {
          "label": "아니다",
          "score": 1
        },
        {
          "label": "보통이다",
          "score": 2
        },
        {
          "label": "그렇다",
          "score": 3
        },
        {
          "label": "매우 그렇다",
          "score": 4
        }
      ]
    },
    {
      "text": "완독보다 적용에 집중한다",
      "options": [
        {
          "label": "전혀 아니다",
          "score": 0
        },
        {
          "label": "아니다",
          "score": 1
        },
        {
          "label": "보통이다",
          "score": 2
        },
        {
          "label": "그렇다",
          "score": 3
        },
        {
          "label": "매우 그렇다",
          "score": 4
        }
      ]
    },
    {
      "text": "읽은 것을 바로 실험해본다",
      "options": [
        {
          "label": "전혀 아니다",
          "score": 0
        },
        {
          "label": "아니다",
          "score": 1
        },
        {
          "label": "보통이다",
          "score": 2
        },
        {
          "label": "그렇다",
          "score": 3
        },
        {
          "label": "매우 그렇다",
          "score": 4
        }
      ]
    },
    {
      "text": "읽기 루틴(시간/장소)이 있다",
      "options": [
        {
          "label": "전혀 아니다",
          "score": 0
        },
        {
          "label": "아니다",
          "score": 1
        },
        {
          "label": "보통이다",
          "score": 2
        },
        {
          "label": "그렇다",
          "score": 3
        },
        {
          "label": "매우 그렇다",
          "score": 4
        }
      ]
    }
  ],
  "results": [
    {
      "range": [
        0,
        8
      ],
      "label": "심층 독서형",
      "desc": "완독·요약에 강합니다. 실험·적용을 더해보세요."
    },
    {
      "range": [
        9,
        16
      ],
      "label": "큐레이션형",
      "desc": "핵심을 모읍니다. 깊이 탐구 시간도 확보하세요."
    },
    {
      "range": [
        17,
        24
      ],
      "label": "사회 독서형",
      "desc": "함께 읽고 나눕니다. 개인 성찰도 덧붙이면 좋습니다."
    },
    {
      "range": [
        25,
        32
      ],
      "label": "에피소드형",
      "desc": "짧고 다양한 글을 즐깁니다. 한두 주제의 깊이도 시도해보세요."
    }
  ],
  "scoring": {
    "engine": "sum-range"
  },
  "disclaimer": "이 테스트는 오락/자기점검용이며 의학적·심리학적 진단이 아닙니다."
}