{
  "slug": "twice-fandom",
  "title": "TWICE 덕력 테스트",
  "type": "mcq",
  "category": "덕력 테스트",
  "badge": "덕력",
  "questions": [
    {
      "text": "다음 중 TWICE 멤버가 **아닌** 사람은?",
      "options": [
        {
          "label": "SANA"
        },
        {
          "label": "TZUYU"
        },
        {
          "label": "NAYEON"
        },
        {
          "label": "홍길동"
        }
      ],
      "correct_index": 3,
      "explain": ""
    },
    {
      "text": "TWICE의 공식 팬덤명은?",
      "options": [
        {
          "label": "ONCE"
        },
        {
          "label": "ONCE"
        },
        {
          "label": "ARMY"
        },
        {
          "label": "STAY"
        }
      ],
      "correct_index": 0,
      "explain": ""
    },
    {
      "text": "TWICE의 소속(레이블)은?",
      "options": [
        {
          "label": "SM Entertainment"
        },
        {
          "label": "JYP Entertainment"
        },
        {
          "label": "YG Entertainment"
        },
        {
          "label": "JYP Entertainment"
        }
      ],
      "correct_index": 1,
      "explain": ""
    },
    {
      "text": "TWICE의 현재 구성원 수는?",
      "options": [
        {
          "label": "8"
        },
        {
          "label": "11"
        },
        {
          "label": "10"
        },
        {
          "label": "9"
        }
      ],
      "correct_index": 3,
      "explain": ""
    },
    {
      "text": "TWICE의 데뷔 연도는?",
      "options": [
        {
          "label": "2016"
        },
        {
          "label": "2015"
        },
        {
          "label": "2014"
        },
        {
          "label": "2017"
        }
      ],
      "correct_index": 1,
      "explain": ""
    },
    {
      "text": "다음 중 TWICE의 곡은?",
      "options": [
        {
          "label": "Like OOH-AHH"
        },
        {
          "label": "Black Mamba"
        },
        {
          "label": "Attention"
        },
        {
          "label": "Boombayah"
        }
      ],
      "correct_index": 0,
      "explain": ""
    },
    {
      "text": "다음 중 TWICE의 곡이 **아닌** 것은?",
      "options": [
        {
          "label": "Cheer Up"
        },
        {
          "label": "Like OOH-AHH"
        },
        {
          "label": "TT"
        },
        {
          "label": "Boombayah"
        }
      ],
      "correct_index": 3,
      "explain": ""
    },
    {
      "text": "TWICE의 리더는?",
      "options": [
        {
          "label": "JIHYO"
        },
        {
          "label": "SANA"
        },
        {
          "label": "TZUYU"
        },
        {
          "label": "CHAEYOUNG"
        }
      ],
      "correct_index": 0,
      "explain": ""
    },
    {
      "text": "다음 중 TWICE의 곡은?",
      "options": [
        {
          "label": "Like OOH-AHH"
        },
        {
          "label": "Hype Boy"
        },
        {
          "label": "Cheer Up"
        },
        {
          "label": "TT"
        }
      ],
      "correct_index": 0,
      "explain": ""
    },
    {
      "text": "다음 중 TWICE의 곡이 **아닌** 것은?",
      "options": [
        {
          "label": "Cheer Up"
        },
        {
          "label": "Like OOH-AHH"
        },
        {
          "label": "TT"
        },
        {
          "label": "Next Level"
        }
      ],
      "correct_index": 3,
      "explain": ""
    },
    {
      "text": "다음 중 TWICE의 곡은?",
      "options": [
        {
          "label": "Perfect Red Velvet"
        },
        {
          "label": "Taste of Love"
        },
        {
          "label": "Square Two"
        },
        {
          "label": "Skool Luv Affair"
        }
      ],
      "correct_index": 1,
      "explain": ""
    },
    {
      "text": "TWICE의 메인보컬/보컬 라인에 속하는 인물은?",
      "options": [
        {
          "label": "DAHYUN"
        },
        {
          "label": "TZUYU"
        },
        {
          "label": "JIHYO"
        },
        {
          "label": "SANA"
        }
      ],
      "correct_index": 2,
      "explain": ""
    }
  ],
  "scoring": {
    "per_question": 1,
    "correct_gets": 1,
    "wrong_gets": 0
  },
  "result_bands": [
    {
      "min": 0,
      "max": 4,
      "label": "입문",
      "desc": "기본 정보부터 차근차근 익혀봐요."
    },
    {
      "min": 5,
      "max": 8,
      "label": "중수",
      "desc": "꽤 알고 있어요. 콘셉트/활동도 더 파보면 좋아요."
    },
    {
      "min": 9,
      "max": 11,
      "label": "고수",
      "desc": "활동과 음악을 폭넓게 알고 있네요!"
    },
    {
      "min": 12,
      "max": 12,
      "label": "마스터",
      "desc": "덕력 만렙! 디스코그래피와 활동까지 섭렵했습니다."
    }
  ],
  "disclaimer": "이 테스트는 팬 활동을 재미로 점검하는 용도로 제작되었습니다."
}