{
  "slug": "love-thermo",
  "title": "내 연애 녹는점·끓는점",
  "subtitle": "호감이 녹는 순간 vs. 화가 끓는 순간",
  "category": "연애&결혼",
  "badge": "연애",
  "author": "유형테스트",
  "version": "1.0.0",
  "scoring": {
    "engine": "sum-range"
  },
  "intro": "애정 표현에 녹아내리는 포인트(녹는점)와 갈등이 끓어오르는 지점(끓는점)을 간단히 가늠합니다. 가벼운 엔터테인먼트 테스트로 참고만 하세요. (비공식)",
  "questions": [
    {
      "id": "q1",
      "title": "칭찬을 들을 때 더 좋은 건",
      "options": [
        {
          "id": "a",
          "label": "구체적 행동 칭찬",
          "score": 1
        },
        {
          "id": "b",
          "label": "감정·분위기 칭찬",
          "score": 0
        }
      ]
    },
    {
      "id": "q2",
      "title": "서프라이즈 이벤트",
      "options": [
        {
          "id": "a",
          "label": "작게 자주가 좋다",
          "score": 1
        },
        {
          "id": "b",
          "label": "크게 가끔이 좋다",
          "score": 0
        }
      ]
    },
    {
      "id": "q3",
      "title": "메시지 스타일",
      "options": [
        {
          "id": "a",
          "label": "짧고 명확",
          "score": 1
        },
        {
          "id": "b",
          "label": "길고 다정",
          "score": 0
        }
      ]
    },
    {
      "id": "q4",
      "title": "갈등이 생기면",
      "options": [
        {
          "id": "a",
          "label": "바로 얘기하고 푼다",
          "score": 0
        },
        {
          "id": "b",
          "label": "잠깐 식히고 나중에",
          "score": 1
        }
      ]
    },
    {
      "id": "q5",
      "title": "선물 취향",
      "options": [
        {
          "id": "a",
          "label": "실용성 최고",
          "score": 1
        },
        {
          "id": "b",
          "label": "감성·상징성 중요",
          "score": 0
        }
      ]
    },
    {
      "id": "q6",
      "title": "약속 시간에 늦었을 때",
      "options": [
        {
          "id": "a",
          "label": "사전 공유가 중요",
          "score": 1
        },
        {
          "id": "b",
          "label": "도착 후 사과가 중요",
          "score": 0
        }
      ]
    },
    {
      "id": "q7",
      "title": "연락 공백",
      "options": [
        {
          "id": "a",
          "label": "규칙/패턴이 있으면 OK",
          "score": 1
        },
        {
          "id": "b",
          "label": "그때그때 감정 따라",
          "score": 0
        }
      ]
    },
    {
      "id": "q8",
      "title": "데이트 선호",
      "options": [
        {
          "id": "a",
          "label": "액티브/체험형",
          "score": 1
        },
        {
          "id": "b",
          "label": "대화 중심/잔잔함",
          "score": 0
        }
      ]
    },
    {
      "id": "q9",
      "title": "애정표현 선호",
      "options": [
        {
          "id": "a",
          "label": "행동/실천",
          "score": 1
        },
        {
          "id": "b",
          "label": "말/메시지",
          "score": 0
        }
      ]
    },
    {
      "id": "q10",
      "title": "질투 임계점",
      "options": [
        {
          "id": "a",
          "label": "상황 설명되면 괜찮음",
          "score": 1
        },
        {
          "id": "b",
          "label": "상황과 무관히 민감",
          "score": 0
        }
      ]
    },
    {
      "id": "q11",
      "title": "사과 방식",
      "options": [
        {
          "id": "a",
          "label": "구체적 개선 약속",
          "score": 1
        },
        {
          "id": "b",
          "label": "마음 표현/위로",
          "score": 0
        }
      ]
    },
    {
      "id": "q12",
      "title": "장기 계획",
      "options": [
        {
          "id": "a",
          "label": "계획 좋아함",
          "score": 1
        },
        {
          "id": "b",
          "label": "즉흥성 좋아함",
          "score": 0
        }
      ]
    }
  ],
  "results": [
    {
      "id": "soft-melt",
      "title": "초저온 로맨티스트",
      "range": [
        0,
        3
      ],
      "summary": "말·감정에 쉽게 녹고 갈등에도 민감",
      "desc": [
        "정서적 교감이 크면 금방 마음이 열립니다.",
        "끓는점도 낮아 작은 오해가 커지기 쉬워요."
      ],
      "strengths": [
        "공감력",
        "표현 풍부"
      ],
      "cautions": [
        "감정 기복",
        "조급함"
      ],
      "tips": [
        "휴식 후 대화 룰",
        "기대치 대신 관찰 공유",
        "안심 신호 만들기"
      ],
      "ideal_date": "대화 많은 산책+카페",
      "communication": "감정 라벨링(기쁨/서운/불안) 후 요청",
      "gift_idea": "감성 카드+소품",
      "good_match": [
        "밸런스형",
        "케어형"
      ],
      "bad_match": [
        "초쿨형"
      ],
      "hashtags": [
        "#녹는점낮음",
        "#끓는점낮음"
      ]
    },
    {
      "id": "warm",
      "title": "따뜻한 밸런서",
      "range": [
        4,
        6
      ],
      "summary": "말과 행동의 균형에 녹고 갈등도 조절",
      "desc": [
        "정서와 실천의 균형을 중시합니다.",
        "대화와 합의가 잘 맞으면 관계가 편안합니다."
      ],
      "strengths": [
        "안정감",
        "협력"
      ],
      "cautions": [
        "모호한 신호 싫어함"
      ],
      "tips": [
        "합의문 3줄",
        "데이트/연락 리듬 확정",
        "갈등 시 타임아웃 10분"
      ],
      "ideal_date": "테마 체험 1코스",
      "communication": "요약→느낌→제안",
      "gift_idea": "실용템+기억템",
      "good_match": [
        "현실형",
        "로맨티스트"
      ],
      "bad_match": [
        "초쿨형"
      ],
      "hashtags": [
        "#균형",
        "#안정"
      ]
    },
    {
      "id": "realist",
      "title": "현실 최적화형",
      "range": [
        7,
        8
      ],
      "summary": "행동·약속에 잘 녹고 끓는점은 높은 편",
      "desc": [
        "실행과 책임을 중시합니다.",
        "작은 갈등엔 쉽게 끓지 않습니다."
      ],
      "strengths": [
        "일관성",
        "신뢰"
      ],
      "cautions": [
        "감정 표현 부족"
      ],
      "tips": [
        "표현 리마인더(칭찬 1일 1회)",
        "사진/메모로 감성 보완",
        "달 1회 이벤트"
      ],
      "ideal_date": "하이킹/클래스",
      "communication": "요청은 구체적으로(시간·장소·행동)",
      "gift_idea": "도구/클래스 이용권",
      "good_match": [
        "밸런서",
        "케어형"
      ],
      "bad_match": [
        "초민감형"
      ],
      "hashtags": [
        "#끓는점높음",
        "#실행"
      ]
    },
    {
      "id": "cool",
      "title": "초쿨 드라이브",
      "range": [
        9,
        10
      ],
      "summary": "행동·계획이 우선, 감정엔 서서히 반응",
      "desc": [
        "감정 표현보다 실천과 성장을 중시합니다.",
        "끓는점이 높아 갈등을 크게 여기지 않습니다."
      ],
      "strengths": [
        "침착",
        "문제해결"
      ],
      "cautions": [
        "정서적 거리감",
        "눈치 없음 오해"
      ],
      "tips": [
        "감정 체크 질문 1일 1회",
        "공감→해결 순서 유지",
        "스킨십/혀끝 칭찬 연습"
      ],
      "ideal_date": "미션형 데이트(보드게임/방탈출)",
      "communication": "경청 후 요약→해결",
      "gift_idea": "프로젝트형 선물",
      "good_match": [
        "밸런서",
        "현실형"
      ],
      "bad_match": [
        "초민감형"
      ],
      "hashtags": [
        "#초쿨",
        "#침착"
      ]
    },
    {
      "id": "steel",
      "title": "냉정한 강철심",
      "range": [
        11,
        12
      ],
      "summary": "녹는점 높고 끓는점도 높은 초안정체",
      "desc": [
        "큰 그림과 장기 합의를 중시합니다.",
        "감정 폭풍에도 잘 흔들리지 않습니다."
      ],
      "strengths": [
        "장기전",
        "위기관리"
      ],
      "cautions": [
        "스킨십/표현 부족",
        "무심으로 보일 수 있음"
      ],
      "tips": [
        "감사 표현 루틴",
        "이벤트 분기별 1회",
        "감정-요청 템플릿 사용"
      ],
      "ideal_date": "장거리 드라이브/전시",
      "communication": "사전 합의 문서화",
      "gift_idea": "하이퀄 원픽",
      "good_match": [
        "현실형",
        "밸런서"
      ],
      "bad_match": [
        "초민감형",
        "로맨티스트"
      ],
      "hashtags": [
        "#강철심",
        "#장기합의"
      ]
    }
  ]
}