{
  "slug": "k-parent",
  "title": "K-부모 테스트",
  "subtitle": "한국형 양육 문화를 나는 얼마나 닮았나 (팬메이드)",
  "category": "부모&육아",
  "badge": "부모",
  "author": "유형테스트",
  "version": "1.0.0",
  "scoring": {
    "engine": "sum-range"
  },
  "intro": "생활 규칙, 학습 태도, 정서 지원, 훈육 방식을 기준으로 한국형 양육 특성과의 거리를 가볍게 점검합니다. (비공식·참고용)",
  "questions": [
    {
      "id": "q1",
      "title": "숙제는",
      "options": [
        {
          "id": "a",
          "label": "스스로 계획 후 점검",
          "score": 0
        },
        {
          "id": "b",
          "label": "시간 정해 함께 챙김",
          "score": 1
        }
      ]
    },
    {
      "id": "q2",
      "title": "학원·수업 선택",
      "options": [
        {
          "id": "a",
          "label": "아이 흥미 우선",
          "score": 0
        },
        {
          "id": "b",
          "label": "기초부터 탄탄히",
          "score": 1
        }
      ]
    },
    {
      "id": "q3",
      "title": "생활 규칙",
      "options": [
        {
          "id": "a",
          "label": "핵심 몇 가지만",
          "score": 0
        },
        {
          "id": "b",
          "label": "세부 규칙도 필요",
          "score": 1
        }
      ]
    },
    {
      "id": "q4",
      "title": "문제행동 발생",
      "options": [
        {
          "id": "a",
          "label": "원인 탐색·대화",
          "score": 0
        },
        {
          "id": "b",
          "label": "즉시 제재·일관성",
          "score": 1
        }
      ]
    },
    {
      "id": "q5",
      "title": "칭찬/보상",
      "options": [
        {
          "id": "a",
          "label": "과정 중심 칭찬",
          "score": 0
        },
        {
          "id": "b",
          "label": "결과·점수 보상",
          "score": 1
        }
      ]
    },
    {
      "id": "q6",
      "title": "자기주도학습",
      "options": [
        {
          "id": "a",
          "label": "시간/환경만 지원",
          "score": 0
        },
        {
          "id": "b",
          "label": "계획·검사까지 지도",
          "score": 1
        }
      ]
    },
    {
      "id": "q7",
      "title": "스크린 타임",
      "options": [
        {
          "id": "a",
          "label": "공동 합의·자기조절",
          "score": 0
        },
        {
          "id": "b",
          "label": "시간표로 통제",
          "score": 1
        }
      ]
    },
    {
      "id": "q8",
      "title": "친구 관계 개입",
      "options": [
        {
          "id": "a",
          "label": "필요시 상담·관찰",
          "score": 0
        },
        {
          "id": "b",
          "label": "문제시 학교·학부모 연계",
          "score": 1
        }
      ]
    },
    {
      "id": "q9",
      "title": "감정 표현",
      "options": [
        {
          "id": "a",
          "label": "감정 라벨링·공감",
          "score": 0
        },
        {
          "id": "b",
          "label": "조절·절제 강조",
          "score": 1
        }
      ]
    },
    {
      "id": "q10",
      "title": "진로/특기",
      "options": [
        {
          "id": "a",
          "label": "탐색 기간 충분히",
          "score": 0
        },
        {
          "id": "b",
          "label": "조기 집중 투자",
          "score": 1
        }
      ]
    },
    {
      "id": "q11",
      "title": "가정 내 역할",
      "options": [
        {
          "id": "a",
          "label": "수평적 협업",
          "score": 0
        },
        {
          "id": "b",
          "label": "역할 분담·권위 유지",
          "score": 1
        }
      ]
    },
    {
      "id": "q12",
      "title": "실수 대처",
      "options": [
        {
          "id": "a",
          "label": "실패 경험도 자산",
          "score": 0
        },
        {
          "id": "b",
          "label": "실수 예방 설계 우선",
          "score": 1
        }
      ]
    }
  ],
  "results": [
    {
      "id": "free-parent",
      "title": "자율 탐색형 부모",
      "range": [
        0,
        3
      ],
      "summary": "자기주도·탐색을 최우선",
      "desc": [
        "아이의 흥미와 속도를 존중합니다.",
        "필요한 장치는 최소한으로 두죠."
      ],
      "strengths": [
        "자기효능감 강화",
        "창의성"
      ],
      "cautions": [
        "루틴 빵꾸 위험",
        "기초 구멍"
      ],
      "tips": [
        "핵심 규칙 3개 합의",
        "리듬(수면/식사) 고정",
        "주간 회고 10분"
      ],
      "hashtags": [
        "#자율",
        "#탐색",
        "#미세습관"
      ]
    },
    {
      "id": "mix",
      "title": "균형 조율형 부모",
      "range": [
        4,
        6
      ],
      "summary": "자율+구조의 밸런스",
      "desc": [
        "상황에 따라 개입 레벨을 조정합니다.",
        "성과와 정서 둘 다 챙깁니다."
      ],
      "strengths": [
        "적응력",
        "협업"
      ],
      "cautions": [
        "일관성 흔들림"
      ],
      "tips": [
        "학습·놀이 2트랙",
        "규칙은 짧고 명확하게",
        "피드백 시간 고정"
      ],
      "hashtags": [
        "#협업",
        "#밸런스"
      ]
    },
    {
      "id": "structure",
      "title": "구조 설계형 부모",
      "range": [
        7,
        8
      ],
      "summary": "루틴·체계를 통해 안정",
      "desc": [
        "시간표와 체크리스트로 일상을 관리합니다.",
        "기초 실력을 탄탄히 쌓게 돕습니다."
      ],
      "strengths": [
        "꾸준함",
        "예방관리"
      ],
      "cautions": [
        "유연성 부족",
        "동기 저하"
      ],
      "tips": [
        "동기 트리거 설계",
        "선택권 2안 제공",
        "달 1회 노룰데이"
      ],
      "hashtags": [
        "#루틴",
        "#체계"
      ]
    },
    {
      "id": "k-hard",
      "title": "K-훈육 마스터",
      "range": [
        9,
        10
      ],
      "summary": "규칙·성과 중심의 한국형",
      "desc": [
        "일관된 통제로 성과를 끌어올립니다.",
        "정서 신호도 함께 챙기면 더 좋아요."
      ],
      "strengths": [
        "집중력",
        "성과지향"
      ],
      "cautions": [
        "압박감",
        "관계 경직"
      ],
      "tips": [
        "감정 코칭 5분",
        "자기선택 쿼터제",
        "실패-회고 루프"
      ],
      "hashtags": [
        "#K부모",
        "#일관성"
      ]
    },
    {
      "id": "tiger",
      "title": "타이거 코치",
      "range": [
        11,
        12
      ],
      "summary": "높은 기대치·밀착 관리",
      "desc": [
        "밀도 높은 코칭으로 빠른 성장 견인.",
        "과열 방지 장치가 필요합니다."
      ],
      "strengths": [
        "추진력",
        "집중관리"
      ],
      "cautions": [
        "과잉 개입",
        "자율 저해"
      ],
      "tips": [
        "자율 시간 고정",
        "긍정 피드백 2배",
        "중요 목표 1개만"
      ],
      "hashtags": [
        "#코칭",
        "#성장"
      ]
    }
  ]
}