{
  "slug": "leaf-level",
  "title": "깻잎 레벨 테스트",
  "subtitle": "관여·자율의 경계 어디쯤? (엔터테인먼트)",
  "category": "연애&결혼",
  "badge": "연애",
  "author": "유형테스트",
  "version": "1.0.0",
  "scoring": {
    "engine": "sum-range"
  },
  "intro": "말 많은 '깻잎 논쟁'을 모티브로, 연애에서의 경계 감각(관여 vs. 자율)을 가볍게 점검하는 엔터테인먼트 테스트입니다. 각 문항에서 더 가까운 쪽을 선택하세요. (비공식·팬메이드)",
  "questions": [
    {
      "id": "q1",
      "title": "연인이 친구의 깻잎을 떼어 주려 한다면?",
      "options": [
        {
          "id": "a",
          "label": "상관없다, 배려일 뿐",
          "score": 1
        },
        {
          "id": "b",
          "label": "살짝 신경 쓰인다",
          "score": 0
        }
      ]
    },
    {
      "id": "q2",
      "title": "술자리에서 연인의 옆자리에 내가 없을 때",
      "options": [
        {
          "id": "a",
          "label": "믿는다, 연락만 잘되면 됨",
          "score": 1
        },
        {
          "id": "b",
          "label": "자세한 상황 공유가 필요",
          "score": 0
        }
      ]
    },
    {
      "id": "q3",
      "title": "SNS에서 연인이 이성 친구 게시글에 하트를 눌렀다",
      "options": [
        {
          "id": "a",
          "label": "별일 아님",
          "score": 1
        },
        {
          "id": "b",
          "label": "상황에 따라 선 넘을 수 있다",
          "score": 0
        }
      ]
    },
    {
      "id": "q4",
      "title": "길에서 우연히 만난 전 애인과 인사",
      "options": [
        {
          "id": "a",
          "label": "가볍게 인사 OK",
          "score": 1
        },
        {
          "id": "b",
          "label": "굳이? 불편하다",
          "score": 0
        }
      ]
    },
    {
      "id": "q5",
      "title": "여행 일정은",
      "options": [
        {
          "id": "a",
          "label": "각자 하고 싶은 코스 존중",
          "score": 1
        },
        {
          "id": "b",
          "label": "최대한 함께 움직이기",
          "score": 0
        }
      ]
    },
    {
      "id": "q6",
      "title": "연락 빈도는",
      "options": [
        {
          "id": "a",
          "label": "하루 한두 번이면 충분",
          "score": 1
        },
        {
          "id": "b",
          "label": "수시로 소통하는 편이 좋다",
          "score": 0
        }
      ]
    },
    {
      "id": "q7",
      "title": "비밀로 하는 취미/모임",
      "options": [
        {
          "id": "a",
          "label": "서프라이즈 제외, 비밀은 없다",
          "score": 1
        },
        {
          "id": "b",
          "label": "서로의 독립성 존중, 굳이 공유 No",
          "score": 0
        }
      ]
    },
    {
      "id": "q8",
      "title": "연인의 휴대폰 비밀번호",
      "options": [
        {
          "id": "a",
          "label": "서로 모를 자유",
          "score": 1
        },
        {
          "id": "b",
          "label": "상황에 따라 공유 가능해야",
          "score": 0
        }
      ]
    },
    {
      "id": "q9",
      "title": "기념일 선물 선택",
      "options": [
        {
          "id": "a",
          "label": "실용 위주, 서로 원하는 것",
          "score": 1
        },
        {
          "id": "b",
          "label": "상징·의미가 더 중요",
          "score": 0
        }
      ]
    },
    {
      "id": "q10",
      "title": "자리 예약이 꼬여 앉을 자리가 멀어졌다",
      "options": [
        {
          "id": "a",
          "label": "어쩔 수 없음, 상황 적응",
          "score": 1
        },
        {
          "id": "b",
          "label": "자리 조정해서라도 가깝게",
          "score": 0
        }
      ]
    },
    {
      "id": "q11",
      "title": "연인의 패션 선택",
      "options": [
        {
          "id": "a",
          "label": "취향 존중, 간섭 No",
          "score": 1
        },
        {
          "id": "b",
          "label": "상황에 맞게 피드백 가능",
          "score": 0
        }
      ]
    },
    {
      "id": "q12",
      "title": "친구들과의 1박 여행 제안",
      "options": [
        {
          "id": "a",
          "label": "신뢰한다, 잘 다녀와",
          "score": 1
        },
        {
          "id": "b",
          "label": "동성 위주/상세 사전 합의 필요",
          "score": 0
        }
      ]
    }
  ],
  "results": [
    {
      "id": "free",
      "title": "자율 최우선형",
      "range": [
        0,
        3
      ],
      "summary": "선 긋기보다 신뢰와 자율을 중시",
      "desc": [
        "연인의 독립성과 선택을 넓게 인정합니다.",
        "관여가 줄어드는 만큼 서로의 약속이 더 중요해집니다."
      ],
      "strengths": [
        "넓은 신뢰",
        "낮은 구속감",
        "쿨한 소통"
      ],
      "cautions": [
        "무관심으로 오해받을 위험",
        "경계 불명확"
      ],
      "tips": [
        "핵심 경계 3가지만 합의",
        "상황 공유 기본선(언제/누구/대략)",
        "연 1회 관계 헌장 업데이트"
      ],
      "ideal_date": "각자의 원픽 코스 1개씩 번갈아 체험",
      "communication": "'공유용 한 줄 브리핑' 습관",
      "gift_idea": "경험형(수업/티켓/투어)",
      "good_match": [
        "밸런서형",
        "자율형"
      ],
      "bad_match": [
        "과몰입형"
      ],
      "hashtags": [
        "#쿨함",
        "#독립",
        "#신뢰"
      ]
    },
    {
      "id": "balancer",
      "title": "밸런서",
      "range": [
        4,
        6
      ],
      "summary": "자율과 배려의 균형점을 찾는 타입",
      "desc": [
        "상황과 맥락에 따라 유연하게 선을 조절합니다.",
        "합의된 규칙 안에서는 편안합니다."
      ],
      "strengths": [
        "상황 판단",
        "유연함"
      ],
      "cautions": [
        "합의 누락 시 혼선",
        "회피적 커뮤니케이션"
      ],
      "tips": [
        "규칙은 짧게·명확하게",
        "이슈 발생 시 바로 회고",
        "회색지대 예시 3개 작성"
      ],
      "ideal_date": "테마 한 곳에 몰입",
      "communication": "문제-느낌-요청 구조",
      "gift_idea": "실용템 + 작은 상징템",
      "good_match": [
        "자율형",
        "스위트케어형"
      ],
      "bad_match": [
        "과몰입형",
        "통제형"
      ],
      "hashtags": [
        "#밸런스",
        "#합의",
        "#맥락"
      ]
    },
    {
      "id": "basic-etiquette",
      "title": "베이직 예의파",
      "range": [
        7,
        8
      ],
      "summary": "기본 선은 필요하다고 생각",
      "desc": [
        "예의와 배려를 중시합니다.",
        "선은 짧고 명확할수록 편합니다."
      ],
      "strengths": [
        "안정감",
        "책임감"
      ],
      "cautions": [
        "과도한 규칙화",
        "상대 피로도"
      ],
      "tips": [
        "선(Do/Don't) 최대 5줄",
        "상황 예외 규칙 합의",
        "긍정적 피드백 비율 2배"
      ],
      "ideal_date": "루틴 데이트 + 소소한 이벤트",
      "communication": "먼저 감사/칭찬 후 요청",
      "gift_idea": "서프라이즈 소품",
      "good_match": [
        "밸런서",
        "스위트케어형"
      ],
      "bad_match": [
        "자율형(초쿨)"
      ],
      "hashtags": [
        "#예의",
        "#안정",
        "#룰"
      ]
    },
    {
      "id": "care",
      "title": "스위트 케어형",
      "range": [
        9,
        10
      ],
      "summary": "관여와 보살핌에 마음이 기댐",
      "desc": [
        "함께 하는 시간을 소중히 여깁니다.",
        "돌봄과 표현이 관계에 활력을 줍니다."
      ],
      "strengths": [
        "정서적 지원",
        "헌신"
      ],
      "cautions": [
        "과열·오버케어",
        "과한 확인"
      ],
      "tips": [
        "확인 대신 '합의된 신호' 사용",
        "나만의 시간도 주 1회 확보",
        "요청은 구체적으로"
      ],
      "ideal_date": "홈쿠킹/피크닉",
      "communication": "I-메시지(느낌→요청)",
      "gift_idea": "핸드메이드/커스텀",
      "good_match": [
        "베이직 예의파",
        "밸런서"
      ],
      "bad_match": [
        "자율형(초쿨)"
      ],
      "hashtags": [
        "#돌봄",
        "#표현",
        "#함께"
      ]
    },
    {
      "id": "engage",
      "title": "과몰입 통제형",
      "range": [
        11,
        12
      ],
      "summary": "경계보다 일체감을 중시",
      "desc": [
        "고밀도 상호작용을 선호합니다.",
        "과열될수록 갈등 신호가 늦게 잡힐 수 있어요."
      ],
      "strengths": [
        "헌신도 높음",
        "몰입"
      ],
      "cautions": [
        "구속감",
        "질투/오해의 확대"
      ],
      "tips": [
        "합의된 휴식·개별 시간 확보",
        "상황 공유는 '핵심만'",
        "안전어(Stop) 도입"
      ],
      "ideal_date": "하루 종일 코스",
      "communication": "체크리스트형 합의",
      "gift_idea": "공동 프로젝트형 선물",
      "good_match": [
        "베이직 예의파",
        "밸런서"
      ],
      "bad_match": [
        "자율형"
      ],
      "hashtags": [
        "#몰입",
        "#일체감",
        "#선넘주의"
      ]
    }
  ]
}