{
  "slug": "office-pastlife",
  "title": "직장인 전생 테스트 (팬메이드)",
  "subtitle": "내 업무 습관으로 추정한 전생 스타일",
  "category": "엔터테인먼트",
  "badge": "전생",
  "author": "유형테스트",
  "version": "1.0.0",
  "scoring": {
    "engine": "sum-range"
  },
  "intro": "업무 스타일(기획/실행/소통/리스크 대처)로 전생 콘셉트를 가볍게 붙여보는 놀이형 테스트입니다. 실제 성격 진단이 아니며 재미로 즐겨주세요.",
  "questions": [
    {
      "id": "q1",
      "title": "새 프로젝트를 받으면",
      "options": [
        {
          "id": "a",
          "label": "목표/리스크부터 정리",
          "score": 1
        },
        {
          "id": "b",
          "label": "바로 시제품/초안부터",
          "score": 0
        }
      ]
    },
    {
      "id": "q2",
      "title": "보고서 스타일",
      "options": [
        {
          "id": "a",
          "label": "간결한 도표/숫자",
          "score": 1
        },
        {
          "id": "b",
          "label": "스토리텔링 중심",
          "score": 0
        }
      ]
    },
    {
      "id": "q3",
      "title": "회의 참여",
      "options": [
        {
          "id": "a",
          "label": "안건·결정 위주",
          "score": 1
        },
        {
          "id": "b",
          "label": "브레인스토밍 위주",
          "score": 0
        }
      ]
    },
    {
      "id": "q4",
      "title": "데드라인",
      "options": [
        {
          "id": "a",
          "label": "분할·체크포인트",
          "score": 1
        },
        {
          "id": "b",
          "label": "집중 몰아치기",
          "score": 0
        }
      ]
    },
    {
      "id": "q5",
      "title": "협업 이슈",
      "options": [
        {
          "id": "a",
          "label": "역할·규칙 명확화",
          "score": 1
        },
        {
          "id": "b",
          "label": "관계·분위기 우선",
          "score": 0
        }
      ]
    },
    {
      "id": "q6",
      "title": "문제 해결",
      "options": [
        {
          "id": "a",
          "label": "원인분석·대안도출",
          "score": 1
        },
        {
          "id": "b",
          "label": "실험·시도 우선",
          "score": 0
        }
      ]
    },
    {
      "id": "q7",
      "title": "자료정리",
      "options": [
        {
          "id": "a",
          "label": "DB/폴더 체계화",
          "score": 1
        },
        {
          "id": "b",
          "label": "필요할 때 찾는다",
          "score": 0
        }
      ]
    },
    {
      "id": "q8",
      "title": "배움 방식",
      "options": [
        {
          "id": "a",
          "label": "문서/강의",
          "score": 1
        },
        {
          "id": "b",
          "label": "실습/관찰",
          "score": 0
        }
      ]
    },
    {
      "id": "q9",
      "title": "예상치 못한 변경",
      "options": [
        {
          "id": "a",
          "label": "영향도 평가 후 조정",
          "score": 1
        },
        {
          "id": "b",
          "label": "일단 맞춰가며 진행",
          "score": 0
        }
      ]
    },
    {
      "id": "q10",
      "title": "커뮤니케이션",
      "options": [
        {
          "id": "a",
          "label": "한 줄 결론",
          "score": 1
        },
        {
          "id": "b",
          "label": "맥락 친절 설명",
          "score": 0
        }
      ]
    },
    {
      "id": "q11",
      "title": "일 몰입 시간대",
      "options": [
        {
          "id": "a",
          "label": "아침형 루틴",
          "score": 1
        },
        {
          "id": "b",
          "label": "야행성 몰입",
          "score": 0
        }
      ]
    },
    {
      "id": "q12",
      "title": "성과 측정",
      "options": [
        {
          "id": "a",
          "label": "지표/수치",
          "score": 1
        },
        {
          "id": "b",
          "label": "피드백/반응",
          "score": 0
        }
      ]
    }
  ],
  "results": [
    {
      "id": "sage",
      "title": "전생: 학자(지식 길드)",
      "range": [
        0,
        3
      ],
      "summary": "탐구·스토리텔링형",
      "desc": [
        "호기심과 서사로 팀을 끌고 갑니다.",
        "정량 대신 설득이 강점."
      ],
      "strengths": [
        "인사이트",
        "영감"
      ],
      "cautions": [
        "근거 부족 오해",
        "디테일 누락"
      ],
      "tips": [
        "근거 링크 습관",
        "핵심 슬라이드 1장",
        "지표 1개만 추가"
      ],
      "hashtags": [
        "#전생학자",
        "#스토리"
      ]
    },
    {
      "id": "artisan",
      "title": "전생: 장인(공방 길드)",
      "range": [
        4,
        6
      ],
      "summary": "시제품·실험형",
      "desc": [
        "배우며 만드는 타입.",
        "완성도보다 학습 곡선에 강함."
      ],
      "strengths": [
        "추진력",
        "프로토타이핑"
      ],
      "cautions": [
        "문서화 약함",
        "중간 공유 부족"
      ],
      "tips": [
        "주 1회 데모데이",
        "리드미 10줄",
        "체크리스트화"
      ],
      "hashtags": [
        "#장인",
        "#프로토"
      ]
    },
    {
      "id": "merchant",
      "title": "전생: 상인(교역 길드)",
      "range": [
        7,
        8
      ],
      "summary": "관계·흐름형",
      "desc": [
        "네트워킹과 타이밍에 강합니다.",
        "의사결정 가속이 특기."
      ],
      "strengths": [
        "협상",
        "타이밍"
      ],
      "cautions": [
        "숫자 소홀",
        "리스크 과소평가"
      ],
      "tips": [
        "리스크 로그",
        "계약 체크리스트",
        "숫자 3개는 고정"
      ],
      "hashtags": [
        "#상인",
        "#흐름"
      ]
    },
    {
      "id": "knight",
      "title": "전생: 기사(수호 길드)",
      "range": [
        9,
        10
      ],
      "summary": "체계·수호형",
      "desc": [
        "규칙과 품질을 지킵니다.",
        "위기 복구에 강함."
      ],
      "strengths": [
        "품질관리",
        "리스크"
      ],
      "cautions": [
        "유연성 저하",
        "속도 저하"
      ],
      "tips": [
        "의사결정 권한 위임",
        "실험 쿼터제",
        "OKR 3개 유지"
      ],
      "hashtags": [
        "#기사",
        "#품질"
      ]
    },
    {
      "id": "strategist",
      "title": "전생: 전략가(연금 길드)",
      "range": [
        11,
        12
      ],
      "summary": "지표·계획형",
      "desc": [
        "데이터·계획으로 판을 설계합니다.",
        "대신 팀 감정선에 주의."
      ],
      "strengths": [
        "분석",
        "로드맵"
      ],
      "cautions": [
        "오버플랜",
        "소통 건조"
      ],
      "tips": [
        "Demo→Plan 순환",
        "피드백 라운드 고정",
        "한 줄 결론부터"
      ],
      "hashtags": [
        "#전략가",
        "#지표"
      ]
    }
  ]
}