{
  "slug": "sociopath-check",
  "title": "소시오패스 경향 자가체크",
  "subtitle": "12문항으로 가볍게 점검 (엔터테인먼트)",
  "category": "라이프스타일",
  "badge": "성향",
  "author": "유형테스트",
  "version": "1.0.0",
  "scoring": {
    "engine": "sum-range"
  },
  "intro": "이 테스트는 의학적 진단이 아닙니다. 일상 속 대인 태도를 가볍게 점검해 보세요.",
  "questions": [
    {
      "id": "q1",
      "title": "규칙보다 상황 판단이 더 중요하다고 믿는다",
      "options": [
        {
          "id": "a",
          "label": "그렇다",
          "score": 1
        },
        {
          "id": "b",
          "label": "아니다",
          "score": 0
        }
      ]
    },
    {
      "id": "q2",
      "title": "이득이 된다면 약속을 바꿀 때가 있다",
      "options": [
        {
          "id": "a",
          "label": "그렇다",
          "score": 1
        },
        {
          "id": "b",
          "label": "아니다",
          "score": 0
        }
      ]
    },
    {
      "id": "q3",
      "title": "감정적으로 거리 두고 인간관계를 관리한다",
      "options": [
        {
          "id": "a",
          "label": "그렇다",
          "score": 1
        },
        {
          "id": "b",
          "label": "아니다",
          "score": 0
        }
      ]
    },
    {
      "id": "q4",
      "title": "권위·규범에 도전하는 편이다",
      "options": [
        {
          "id": "a",
          "label": "그렇다",
          "score": 1
        },
        {
          "id": "b",
          "label": "아니다",
          "score": 0
        }
      ]
    },
    {
      "id": "q5",
      "title": "상대에게 미안함을 느끼기보다 '합리적'이라 생각한다",
      "options": [
        {
          "id": "a",
          "label": "그렇다",
          "score": 1
        },
        {
          "id": "b",
          "label": "아니다",
          "score": 0
        }
      ]
    },
    {
      "id": "q6",
      "title": "즉흥적인 행동으로 주변이 놀랄 때가 있다",
      "options": [
        {
          "id": "a",
          "label": "그렇다",
          "score": 1
        },
        {
          "id": "b",
          "label": "아니다",
          "score": 0
        }
      ]
    },
    {
      "id": "q7",
      "title": "위험을 감수하는 편이다",
      "options": [
        {
          "id": "a",
          "label": "그렇다",
          "score": 1
        },
        {
          "id": "b",
          "label": "아니다",
          "score": 0
        }
      ]
    },
    {
      "id": "q8",
      "title": "상대가 원하는 것을 빠르게 읽고 이용할 수 있다",
      "options": [
        {
          "id": "a",
          "label": "그렇다",
          "score": 1
        },
        {
          "id": "b",
          "label": "아니다",
          "score": 0
        }
      ]
    },
    {
      "id": "q9",
      "title": "문제가 생기면 책임보다 해결이 우선이다",
      "options": [
        {
          "id": "a",
          "label": "그렇다",
          "score": 1
        },
        {
          "id": "b",
          "label": "아니다",
          "score": 0
        }
      ]
    },
    {
      "id": "q10",
      "title": "말싸움에서 지지 않으려 한다",
      "options": [
        {
          "id": "a",
          "label": "그렇다",
          "score": 1
        },
        {
          "id": "b",
          "label": "아니다",
          "score": 0
        }
      ]
    },
    {
      "id": "q11",
      "title": "타인의 호의를 당연하게 여길 때가 있다",
      "options": [
        {
          "id": "a",
          "label": "그렇다",
          "score": 1
        },
        {
          "id": "b",
          "label": "아니다",
          "score": 0
        }
      ]
    },
    {
      "id": "q12",
      "title": "가끔 '감정적으로 차갑다'는 말을 듣는다",
      "options": [
        {
          "id": "a",
          "label": "그렇다",
          "score": 1
        },
        {
          "id": "b",
          "label": "아니다",
          "score": 0
        }
      ]
    }
  ],
  "results": [
    {
      "id": "harmonizer",
      "title": "협력형",
      "range": [
        0,
        3
      ],
      "summary": "상호 신뢰와 합의를 중시하는 편.",
      "desc": "규범을 지키면서도 융통성 있게 움직입니다.",
      "tips": [
        "경계 명확히 하기",
        "요청 거절 연습"
      ],
      "hashtags": [
        "#신뢰",
        "#협력"
      ]
    },
    {
      "id": "balanced",
      "title": "균형형",
      "range": [
        4,
        6
      ],
      "summary": "상황에 따라 규칙·성과를 조절합니다.",
      "desc": "일부 상황에서 공감이 뒤로 밀릴 수 있어요.",
      "tips": [
        "중요한 관계에는 사전 합의 만들기",
        "책임 범위 명료화"
      ],
      "hashtags": [
        "#균형",
        "#합의"
      ]
    },
    {
      "id": "challenger",
      "title": "도전형",
      "range": [
        7,
        9
      ],
      "summary": "성과 중심·직진형 성향이 강합니다.",
      "desc": "관계의 신뢰를 지키려면 감정 확인 단계를 넣어 보세요.",
      "tips": [
        "'의도-영향' 분리 설명",
        "복구 대화 프로토콜 준비"
      ],
      "hashtags": [
        "#직진",
        "#복구대화"
      ]
    },
    {
      "id": "risk",
      "title": "위험형",
      "range": [
        10,
        12
      ],
      "summary": "관계 손상이 반복될 수 있는 패턴.",
      "desc": "이 테스트는 진단이 아닙니다. 생활 어려움이 크다면 전문 상담을 고려하세요.",
      "tips": [
        "정기 피드백 받기",
        "중요한 결정은 하룻밤 숙성"
      ],
      "hashtags": [
        "#자가체크",
        "#전문상담"
      ]
    }
  ]
}