<?xml version="1.0" encoding="UTF-8"?>
<rss version="2.0">
  <channel>
    <title>마인드픽Q</title>
    <link>https://your-domain.example/</link>
    <description>MBTI, 연애, 성격 유형, 감정, 성향, 공감 테스트</description>
    <language>ko</language>
    <lastBuildDate>Tue, 14 Oct 2025 07:52:23 GMT</lastBuildDate>
<item>
      <title>티니핑 MBTI 유형테스트</title>
      <link>https://your-domain.example/teenping-mbti</link>
      <guid isPermaLink="true">https://your-domain.example/teenping-mbti</guid>
      <pubDate>Tue, 14 Oct 2025 07:52:23 GMT</pubDate>
      <description><![CDATA[12문항으로 알아보는 나와 닮은 티니핑 (비공식)]]></description>
    </item>
<item>
      <title>이번 달 내 사랑운</title>
      <link>https://your-domain.example/love-style</link>
      <guid isPermaLink="true">https://your-domain.example/love-style</guid>
      <pubDate>Tue, 14 Oct 2025 07:52:23 GMT</pubDate>
      <description><![CDATA[12문항으로 보는 이달의 연애 흐름 (엔터테인먼트)]]></description>
    </item>
<item>
      <title>연애 직급 테스트</title>
      <link>https://your-domain.example/love-rank</link>
      <guid isPermaLink="true">https://your-domain.example/love-rank</guid>
      <pubDate>Tue, 14 Oct 2025 07:52:23 GMT</pubDate>
      <description><![CDATA[12문항으로 알아보는 내 연애 직급]]></description>
    </item>
<item>
      <title>공부 습관 자가진단</title>
      <link>https://your-domain.example/study-habit</link>
      <guid isPermaLink="true">https://your-domain.example/study-habit</guid>
      <pubDate>Tue, 14 Oct 2025 07:52:23 GMT</pubDate>
      <description><![CDATA[집중/계획/실행 습관 점검]]></description>
    </item>
<item>
      <title>깻잎 레벨 테스트</title>
      <link>https://your-domain.example/leaf-level</link>
      <guid isPermaLink="true">https://your-domain.example/leaf-level</guid>
      <pubDate>Tue, 14 Oct 2025 07:52:23 GMT</pubDate>
      <description><![CDATA[관여·자율의 경계 어디쯤?]]></description>
    </item>
<item>
      <title>내 연애 녹는점·끓는점</title>
      <link>https://your-domain.example/love-thermo</link>
      <guid isPermaLink="true">https://your-domain.example/love-thermo</guid>
      <pubDate>Tue, 14 Oct 2025 07:52:23 GMT</pubDate>
      <description><![CDATA[호감이 녹는 순간 vs. 화가 끓는 순간]]></description>
    </item>
<item>
      <title>K-부모 테스트</title>
      <link>https://your-domain.example/k-parent</link>
      <guid isPermaLink="true">https://your-domain.example/k-parent</guid>
      <pubDate>Tue, 14 Oct 2025 07:52:23 GMT</pubDate>
      <description><![CDATA[한국형 양육 문화를 나는 얼마나 닮았나]]></description>
    </item>
<item>
      <title>직장인 전생 테스트</title>
      <link>https://your-domain.example/office-pastlife</link>
      <guid isPermaLink="true">https://your-domain.example/office-pastlife</guid>
      <pubDate>Tue, 14 Oct 2025 07:52:23 GMT</pubDate>
      <description><![CDATA[내 업무 습관으로 추정한 전생 스타일]]></description>
    </item>
<item>
      <title>금쪽이 테스트</title>
      <link>https://your-domain.example/geumjjok</link>
      <guid isPermaLink="true">https://your-domain.example/geumjjok</guid>
      <pubDate>Tue, 14 Oct 2025 07:52:23 GMT</pubDate>
      <description><![CDATA[내 안의 금쪽력(?)을 가볍게 점검]]></description>
    </item>
<item>
      <title>당신은 어떤 엄마일까요?</title>
      <link>https://your-domain.example/mom-type</link>
      <guid isPermaLink="true">https://your-domain.example/mom-type</guid>
      <pubDate>Tue, 14 Oct 2025 07:52:23 GMT</pubDate>
      <description><![CDATA[돌봄·규칙·공감의 균형을 체크]]></description>
    </item>
<item>
      <title>사이코패스 경향 자가체크</title>
      <link>https://your-domain.example/psychopath-check</link>
      <guid isPermaLink="true">https://your-domain.example/psychopath-check</guid>
      <pubDate>Tue, 14 Oct 2025 07:52:23 GMT</pubDate>
      <description><![CDATA[12문항으로 가볍게 점검 (엔터테인먼트)]]></description>
    </item>
<item>
      <title>소시오패스 경향 자가체크</title>
      <link>https://your-domain.example/sociopath-check</link>
      <guid isPermaLink="true">https://your-domain.example/sociopath-check</guid>
      <pubDate>Tue, 14 Oct 2025 07:52:23 GMT</pubDate>
      <description><![CDATA[12문항으로 가볍게 점검 (엔터테인먼트)]]></description>
    </item>
<item>
      <title>MBTI 매운맛 테스트</title>
      <link>https://your-domain.example/spicy-mbti</link>
      <guid isPermaLink="true">https://your-domain.example/spicy-mbti</guid>
      <pubDate>Tue, 14 Oct 2025 07:52:23 GMT</pubDate>
      <description><![CDATA[12문항, 선호의 끝맛까지!]]></description>
    </item>
<item>
      <title>커플 논쟁 테스트 1</title>
      <link>https://your-domain.example/couple-arguing</link>
      <guid isPermaLink="true">https://your-domain.example/couple-arguing</guid>
      <pubDate>Tue, 14 Oct 2025 07:52:23 GMT</pubDate>
      <description><![CDATA[우린 말할 때 몇 도(℃)일까?]]></description>
    </item>
<item>
      <title>커플 논쟁 테스트 2</title>
      <link>https://your-domain.example/couple-arguing2</link>
      <guid isPermaLink="true">https://your-domain.example/couple-arguing2</guid>
      <pubDate>Tue, 14 Oct 2025 07:52:23 GMT</pubDate>
      <description><![CDATA[갈등 대처 전략 유형]]></description>
    </item>
<item>
      <title>연애 호르몬 테스트</title>
      <link>https://your-domain.example/love-hormone</link>
      <guid isPermaLink="true">https://your-domain.example/love-hormone</guid>
      <pubDate>Tue, 14 Oct 2025 07:52:23 GMT</pubDate>
      <description><![CDATA[내 연애 에너지의 맛은?]]></description>
    </item>
<item>
      <title>감성력 테스트</title>
      <link>https://your-domain.example/emosense-test</link>
      <guid isPermaLink="true">https://your-domain.example/emosense-test</guid>
      <pubDate>Tue, 14 Oct 2025 07:52:23 GMT</pubDate>
      <description><![CDATA[관찰·공감·조절의 균형]]></description>
    </item>
<item>
      <title>여잘알 테스트</title>
      <link>https://your-domain.example/girlexpert</link>
      <guid isPermaLink="true">https://your-domain.example/girlexpert</guid>
      <pubDate>Tue, 14 Oct 2025 07:52:23 GMT</pubDate>
      <description><![CDATA[가볍게 즐기는 상식 퀴즈]]></description>
    </item>
<item>
      <title>마음 시그널 테스트</title>
      <link>https://your-domain.example/mind-signal</link>
      <guid isPermaLink="true">https://your-domain.example/mind-signal</guid>
      <pubDate>Tue, 14 Oct 2025 07:52:23 GMT</pubDate>
      <description><![CDATA[호감·관심 시그널 읽기 감각]]></description>
    </item>
<item>
      <title>업무 성향 TEST</title>
      <link>https://your-domain.example/work-style</link>
      <guid isPermaLink="true">https://your-domain.example/work-style</guid>
      <pubDate>Tue, 14 Oct 2025 07:52:23 GMT</pubDate>
      <description><![CDATA[일할 때의 나, 실무 성향 자가진단]]></description>
    </item>
<item>
      <title>지금 하는 일 궁합 테스트</title>
      <link>https://your-domain.example/job-compat</link>
      <guid isPermaLink="true">https://your-domain.example/job-compat</guid>
      <pubDate>Tue, 14 Oct 2025 07:52:23 GMT</pubDate>
      <description><![CDATA[현재 직무와의 핏을 점검]]></description>
    </item>
<item>
      <title>개발자 유형 테스트</title>
      <link>https://your-domain.example/dev-type</link>
      <guid isPermaLink="true">https://your-domain.example/dev-type</guid>
      <pubDate>Tue, 14 Oct 2025 07:52:23 GMT</pubDate>
      <description><![CDATA[문제 해결·협업·생산성 스타일]]></description>
    </item>
<item>
      <title>17금 첫인상 테스트</title>
      <link>https://your-domain.example/17first-impression</link>
      <guid isPermaLink="true">https://your-domain.example/17first-impression</guid>
      <pubDate>Tue, 14 Oct 2025 07:52:23 GMT</pubDate>
      <description><![CDATA[재미로 보는 첫인상 유형]]></description>
    </item>
<item>
      <title>투모로우바이투게더 덕력 테스트</title>
      <link>https://your-domain.example/txt-fandom</link>
      <guid isPermaLink="true">https://your-domain.example/txt-fandom</guid>
      <pubDate>Tue, 14 Oct 2025 07:52:23 GMT</pubDate>
      <description><![CDATA[스스로 점검하는 팬력 12문항]]></description>
    </item>
<item>
      <title>아이브 덕력 테스트</title>
      <link>https://your-domain.example/ive-fandom</link>
      <guid isPermaLink="true">https://your-domain.example/ive-fandom</guid>
      <pubDate>Tue, 14 Oct 2025 07:52:23 GMT</pubDate>
      <description><![CDATA[스스로 점검하는 팬력 12문항]]></description>
    </item>
<item>
      <title>BTS 덕력 테스트</title>
      <link>https://your-domain.example/bts-fandom</link>
      <guid isPermaLink="true">https://your-domain.example/bts-fandom</guid>
      <pubDate>Tue, 14 Oct 2025 07:52:23 GMT</pubDate>
      <description><![CDATA[스스로 점검하는 팬력 12문항]]></description>
    </item>
<item>
      <title>BLACKPINK 덕력 테스트</title>
      <link>https://your-domain.example/blackpink-fandom</link>
      <guid isPermaLink="true">https://your-domain.example/blackpink-fandom</guid>
      <pubDate>Tue, 14 Oct 2025 07:52:23 GMT</pubDate>
      <description><![CDATA[스스로 점검하는 팬력 12문항]]></description>
    </item>
<item>
      <title>TWICE 덕력 테스트</title>
      <link>https://your-domain.example/twice-fandom</link>
      <guid isPermaLink="true">https://your-domain.example/twice-fandom</guid>
      <pubDate>Tue, 14 Oct 2025 07:52:23 GMT</pubDate>
      <description><![CDATA[스스로 점검하는 팬력 12문항]]></description>
    </item>
<item>
      <title>SEVENTEEN 덕력 테스트</title>
      <link>https://your-domain.example/seventeen-fandom</link>
      <guid isPermaLink="true">https://your-domain.example/seventeen-fandom</guid>
      <pubDate>Tue, 14 Oct 2025 07:52:23 GMT</pubDate>
      <description><![CDATA[스스로 점검하는 팬력 12문항]]></description>
    </item>
<item>
      <title>NCT DREAM 덕력 테스트</title>
      <link>https://your-domain.example/nct-dream-fandom</link>
      <guid isPermaLink="true">https://your-domain.example/nct-dream-fandom</guid>
      <pubDate>Tue, 14 Oct 2025 07:52:23 GMT</pubDate>
      <description><![CDATA[스스로 점검하는 팬력 12문항]]></description>
    </item>
<item>
      <title>NewJeans 덕력 테스트</title>
      <link>https://your-domain.example/newjeans-fandom</link>
      <guid isPermaLink="true">https://your-domain.example/newjeans-fandom</guid>
      <pubDate>Tue, 14 Oct 2025 07:52:23 GMT</pubDate>
      <description><![CDATA[스스로 점검하는 팬력 12문항]]></description>
    </item>
<item>
      <title>Stray Kids 덕력 테스트</title>
      <link>https://your-domain.example/stray-kids-fandom</link>
      <guid isPermaLink="true">https://your-domain.example/stray-kids-fandom</guid>
      <pubDate>Tue, 14 Oct 2025 07:52:23 GMT</pubDate>
      <description><![CDATA[스스로 점검하는 팬력 12문항]]></description>
    </item>
<item>
      <title>Red Velvet 덕력 테스트</title>
      <link>https://your-domain.example/red-velvet-fandom</link>
      <guid isPermaLink="true">https://your-domain.example/red-velvet-fandom</guid>
      <pubDate>Tue, 14 Oct 2025 07:52:23 GMT</pubDate>
      <description><![CDATA[스스로 점검하는 팬력 12문항]]></description>
    </item>
<item>
      <title>aespa 덕력 테스트</title>
      <link>https://your-domain.example/aespa-fandom</link>
      <guid isPermaLink="true">https://your-domain.example/aespa-fandom</guid>
      <pubDate>Tue, 14 Oct 2025 07:52:23 GMT</pubDate>
      <description><![CDATA[스스로 점검하는 팬력 12문항]]></description>
    </item>
<item>
      <title>LE SSERAFIM 덕력 테스트</title>
      <link>https://your-domain.example/le-sserafim-fandom</link>
      <guid isPermaLink="true">https://your-domain.example/le-sserafim-fandom</guid>
      <pubDate>Tue, 14 Oct 2025 07:52:23 GMT</pubDate>
      <description><![CDATA[스스로 점검하는 팬력 12문항]]></description>
    </item>
<item>
      <title>수면의 질 간이검사</title>
      <link>https://your-domain.example/sleep-quality</link>
      <guid isPermaLink="true">https://your-domain.example/sleep-quality</guid>
      <pubDate>Tue, 14 Oct 2025 07:52:23 GMT</pubDate>
      <description><![CDATA[리듬·숙면·회복감]]></description>
    </item>
<item>
      <title>회복탄력성 지수</title>
      <link>https://your-domain.example/resilience-index</link>
      <guid isPermaLink="true">https://your-domain.example/resilience-index</guid>
      <pubDate>Tue, 14 Oct 2025 07:52:23 GMT</pubDate>
      <description><![CDATA[스트레스 후 회복력]]></description>
    </item>
<item>
      <title>번아웃 위험도 체크</title>
      <link>https://your-domain.example/burnout-risk</link>
      <guid isPermaLink="true">https://your-domain.example/burnout-risk</guid>
      <pubDate>Tue, 14 Oct 2025 07:52:23 GMT</pubDate>
      <description><![CDATA[소진 신호 점검]]></description>
    </item>
<item>
      <title>감정조절 전략 프로파일</title>
      <link>https://your-domain.example/emotion-regulation</link>
      <guid isPermaLink="true">https://your-domain.example/emotion-regulation</guid>
      <pubDate>Tue, 14 Oct 2025 07:52:23 GMT</pubDate>
      <description><![CDATA[재해석·표현·자기돌봄]]></description>
    </item>
<item>
      <title>대인 소통 스타일 체크</title>
      <link>https://your-domain.example/communication-style</link>
      <guid isPermaLink="true">https://your-domain.example/communication-style</guid>
      <pubDate>Tue, 14 Oct 2025 07:52:23 GMT</pubDate>
      <description><![CDATA[경청·표현·갈등대처]]></description>
    </item>
<item>
      <title>완벽주의 경향 체크</title>
      <link>https://your-domain.example/perfectionism-check</link>
      <guid isPermaLink="true">https://your-domain.example/perfectionism-check</guid>
      <pubDate>Tue, 14 Oct 2025 07:52:23 GMT</pubDate>
      <description><![CDATA[기준·오류 민감도]]></description>
    </item>
<item>
      <title>스마트폰 사용 균형 체크</title>
      <link>https://your-domain.example/smartphone-balance</link>
      <guid isPermaLink="true">https://your-domain.example/smartphone-balance</guid>
      <pubDate>Tue, 14 Oct 2025 07:52:23 GMT</pubDate>
      <description><![CDATA[집중·수면·관계]]></description>
    </item>
<item>
      <title>공감능력 지수</title>
      <link>https://your-domain.example/empathy-index</link>
      <guid isPermaLink="true">https://your-domain.example/empathy-index</guid>
      <pubDate>Tue, 14 Oct 2025 07:52:23 GMT</pubDate>
      <description><![CDATA[경청·정서·행동 공감]]></description>
    </item>
<item>
      <title>메시지 톤 컬러</title>
      <link>https://your-domain.example/message-tone-color</link>
      <guid isPermaLink="true">https://your-domain.example/message-tone-color</guid>
      <pubDate>Tue, 14 Oct 2025 07:52:23 GMT</pubDate>
      <description><![CDATA[내 말투의 색감 찾기]]></description>
    </item>
<item>
      <title>직감 ‘핑’ 지수</title>
      <link>https://your-domain.example/intuition-ping</link>
      <guid isPermaLink="true">https://your-domain.example/intuition-ping</guid>
      <pubDate>Tue, 14 Oct 2025 07:52:23 GMT</pubDate>
      <description><![CDATA[직감 vs 분석의 균형]]></description>
    </item>
<item>
      <title>아우라 스펙트럼</title>
      <link>https://your-domain.example/aura-spectrum</link>
      <guid isPermaLink="true">https://your-domain.example/aura-spectrum</guid>
      <pubDate>Tue, 14 Oct 2025 07:52:23 GMT</pubDate>
      <description><![CDATA[나의 분위기 에너지]]></description>
    </item>
<item>
      <title>운명의 동물</title>
      <link>https://your-domain.example/destiny-animal</link>
      <guid isPermaLink="true">https://your-domain.example/destiny-animal</guid>
      <pubDate>Tue, 14 Oct 2025 07:52:23 GMT</pubDate>
      <description><![CDATA[나를 닮은 동물 찾기]]></description>
    </item>
<item>
      <title>연애 성향 스펙트럼</title>
      <link>https://your-domain.example/love-style-spectrum</link>
      <guid isPermaLink="true">https://your-domain.example/love-style-spectrum</guid>
      <pubDate>Tue, 14 Oct 2025 07:52:23 GMT</pubDate>
      <description><![CDATA[표현·애착·주도 밸런스]]></description>
    </item>
<item>
      <title>결혼 준비 지수</title>
      <link>https://your-domain.example/marriage-readiness</link>
      <guid isPermaLink="true">https://your-domain.example/marriage-readiness</guid>
      <pubDate>Tue, 14 Oct 2025 07:52:23 GMT</pubDate>
      <description><![CDATA[합의·재정·생활 루틴]]></description>
    </item>
<item>
      <title>이상형 스타일 (남성편)</title>
      <link>https://your-domain.example/ideal-type-male</link>
      <guid isPermaLink="true">https://your-domain.example/ideal-type-male</guid>
      <pubDate>Tue, 14 Oct 2025 07:52:23 GMT</pubDate>
      <description><![CDATA[돌봄·재미·안정·자유]]></description>
    </item>
  </channel>
</rss>
