{
  "slug": "geumjjok",
  "title": "금쪽이 테스트 (팬메이드)",
  "subtitle": "내 안의 금쪽력(?)을 가볍게 점검",
  "category": "부모&육아",
  "badge": "성향",
  "author": "유형테스트",
  "version": "1.0.0",
  "scoring": {
    "engine": "sum-range"
  },
  "intro": "민감성·자기조절·환경 적합도 관점에서 일상 속 '금쪽 시그널'을 가볍게 살펴봅니다. (방송과 무관한 비공식 팬메이드)",
  "questions": [
    {
      "id": "q1",
      "title": "낯선 환경",
      "options": [
        {
          "id": "a",
          "label": "흥미로워서 금방 적응",
          "score": 1
        },
        {
          "id": "b",
          "label": "낯가림·소음에 민감",
          "score": 0
        }
      ]
    },
    {
      "id": "q2",
      "title": "계획 변경",
      "options": [
        {
          "id": "a",
          "label": "즉흥도 괜찮다",
          "score": 1
        },
        {
          "id": "b",
          "label": "변경 시 설명이 필요",
          "score": 0
        }
      ]
    },
    {
      "id": "q3",
      "title": "감정 폭발 직전",
      "options": [
        {
          "id": "a",
          "label": "스스로 진정 시도",
          "score": 1
        },
        {
          "id": "b",
          "label": "바로 표출되는 편",
          "score": 0
        }
      ]
    },
    {
      "id": "q4",
      "title": "집중 유지",
      "options": [
        {
          "id": "a",
          "label": "짧게 자주 쉬며 유지",
          "score": 1
        },
        {
          "id": "b",
          "label": "한 번 흐트러지면 재집중 어려움",
          "score": 0
        }
      ]
    },
    {
      "id": "q5",
      "title": "잠·식사 루틴",
      "options": [
        {
          "id": "a",
          "label": "대체로 일정",
          "score": 1
        },
        {
          "id": "b",
          "label": "작은 변화에도 영향 큼",
          "score": 0
        }
      ]
    },
    {
      "id": "q6",
      "title": "과제 난이도",
      "options": [
        {
          "id": "a",
          "label": "쉬운 것부터 워밍업",
          "score": 1
        },
        {
          "id": "b",
          "label": "어려우면 포기/회피",
          "score": 0
        }
      ]
    },
    {
      "id": "q7",
      "title": "갈등 상황",
      "options": [
        {
          "id": "a",
          "label": "말로 설명 가능",
          "score": 1
        },
        {
          "id": "b",
          "label": "몸/표정으로 먼저 반응",
          "score": 0
        }
      ]
    },
    {
      "id": "q8",
      "title": "자기표현",
      "options": [
        {
          "id": "a",
          "label": "요청을 구체화",
          "score": 1
        },
        {
          "id": "b",
          "label": "울음/짜증이 먼저",
          "score": 0
        }
      ]
    },
    {
      "id": "q9",
      "title": "보상 시스템",
      "options": [
        {
          "id": "a",
          "label": "작은 보상으로 동기",
          "score": 1
        },
        {
          "id": "b",
          "label": "보상 없으면 거부",
          "score": 0
        }
      ]
    },
    {
      "id": "q10",
      "title": "감각 민감",
      "options": [
        {
          "id": "a",
          "label": "소리/재질 대체로 OK",
          "score": 1
        },
        {
          "id": "b",
          "label": "옷태그/소음에 예민",
          "score": 0
        }
      ]
    },
    {
      "id": "q11",
      "title": "놀이 전환",
      "options": [
        {
          "id": "a",
          "label": "타이머/신호로 전환 가능",
          "score": 1
        },
        {
          "id": "b",
          "label": "끝내기 어렵고 버팀",
          "score": 0
        }
      ]
    },
    {
      "id": "q12",
      "title": "기대치 관리",
      "options": [
        {
          "id": "a",
          "label": "작게 쪼개어 성공 경험",
          "score": 1
        },
        {
          "id": "b",
          "label": "잘 안 되면 금방 포기",
          "score": 0
        }
      ]
    }
  ],
  "results": [
    {
      "id": "high-signal",
      "title": "금쪽 시그널 높음",
      "range": [
        0,
        3
      ],
      "summary": "환경/자극에 민감, 루틴이 중요",
      "desc": [
        "안전감과 예측이 핵심입니다.",
        "작은 성공 경험을 자주 쌓아 올리세요."
      ],
      "strengths": [
        "감수성",
        "몰입력"
      ],
      "cautions": [
        "감정 폭발",
        "전환 어려움"
      ],
      "tips": [
        "시각 타이머 사용",
        "예고-전환-강화 3단계",
        "감각 친화 환경"
      ],
      "hashtags": [
        "#민감",
        "#루틴",
        "#작은성공"
      ]
    },
    {
      "id": "mid-signal",
      "title": "금쪽 시그널 중간",
      "range": [
        4,
        6
      ],
      "summary": "상황 따라 변동, 도구 사용 시 안정",
      "desc": [
        "규칙과 보상 설계가 효과적입니다.",
        "유연성·예측가능성의 균형을 맞추세요."
      ],
      "strengths": [
        "적응력",
        "학습력"
      ],
      "cautions": [
        "보상 의존",
        "변화 피로"
      ],
      "tips": [
        "체크리스트",
        "보상 사다리",
        "전환 신호 고정"
      ],
      "hashtags": [
        "#밸런스",
        "#전환"
      ]
    },
    {
      "id": "low-signal",
      "title": "금쪽 시그널 낮음",
      "range": [
        7,
        8
      ],
      "summary": "자기조절·적응이 비교적 수월",
      "desc": [
        "새로운 환경에도 금방 적응합니다.",
        "도전 난이도를 조금씩 올리면 좋아요."
      ],
      "strengths": [
        "회복탄력",
        "자기조절"
      ],
      "cautions": [
        "단조로움",
        "성장 정체"
      ],
      "tips": [
        "난이도 곡선",
        "도전 미션",
        "내적 동기 찾기"
      ],
      "hashtags": [
        "#회복탄력",
        "#자기조절"
      ]
    },
    {
      "id": "coach",
      "title": "금쪽 코치형",
      "range": [
        9,
        10
      ],
      "summary": "자기이해로 주변도 돕는 타입",
      "desc": [
        "민감성 이해를 바탕으로 도와줍니다.",
        "환경 조율에 능숙합니다."
      ],
      "strengths": [
        "공감/설계",
        "가이드"
      ],
      "cautions": [
        "과도한 개입",
        "피로 누적"
      ],
      "tips": [
        "내 휴식 루틴",
        "한계선 설정",
        "지원 요청 연습"
      ],
      "hashtags": [
        "#코치",
        "#이해"
      ]
    },
    {
      "id": "anchor",
      "title": "안정 앵커형",
      "range": [
        11,
        12
      ],
      "summary": "평온·예측 가능한 안정감의 근원",
      "desc": [
        "주변의 안전 신호 역할을 합니다.",
        "가끔 변주로 동기와 재미를 유지하세요."
      ],
      "strengths": [
        "정서 안정",
        "일관성"
      ],
      "cautions": [
        "변화 둔감",
        "권태"
      ],
      "tips": [
        "새 도전 주 1회",
        "피드백 루프",
        "놀이 비율 확대"
      ],
      "hashtags": [
        "#안정",
        "#일관"
      ]
    }
  ]
}