{
  "slug": "curiosity-spectrum",
  "title": "호기심 스펙트럼",
  "type": "likert",
  "scale": "0-4",
  "category": "교육",
  "badge": "성향",
  "desc": "새로움에 반응하는 방식과 관심의 깊이를 알아봅니다.",
  "questions": [
    {
      "text": "모르는 주제를 만나면 먼저 넓게 훑어본다",
      "options": [
        {
          "label": "전혀 아니다",
          "score": 0
        },
        {
          "label": "아니다",
          "score": 1
        },
        {
          "label": "보통이다",
          "score": 2
        },
        {
          "label": "그렇다",
          "score": 3
        },
        {
          "label": "매우 그렇다",
          "score": 4
        }
      ]
    },
    {
      "text": "자료·링크를 모아 나중에 정리한다",
      "options": [
        {
          "label": "전혀 아니다",
          "score": 0
        },
        {
          "label": "아니다",
          "score": 1
        },
        {
          "label": "보통이다",
          "score": 2
        },
        {
          "label": "그렇다",
          "score": 3
        },
        {
          "label": "매우 그렇다",
          "score": 4
        }
      ]
    },
    {
      "text": "한 가지를 깊게 파고드는 편이다",
      "options": [
        {
          "label": "전혀 아니다",
          "score": 0
        },
        {
          "label": "아니다",
          "score": 1
        },
        {
          "label": "보통이다",
          "score": 2
        },
        {
          "label": "그렇다",
          "score": 3
        },
        {
          "label": "매우 그렇다",
          "score": 4
        }
      ]
    },
    {
      "text": "분야를 넘나들며 연결점을 찾는다",
      "options": [
        {
          "label": "전혀 아니다",
          "score": 0
        },
        {
          "label": "아니다",
          "score": 1
        },
        {
          "label": "보통이다",
          "score": 2
        },
        {
          "label": "그렇다",
          "score": 3
        },
        {
          "label": "매우 그렇다",
          "score": 4
        }
      ]
    },
    {
      "text": "시도를 통해 배우는 것을 선호한다",
      "options": [
        {
          "label": "전혀 아니다",
          "score": 0
        },
        {
          "label": "아니다",
          "score": 1
        },
        {
          "label": "보통이다",
          "score": 2
        },
        {
          "label": "그렇다",
          "score": 3
        },
        {
          "label": "매우 그렇다",
          "score": 4
        }
      ]
    },
    {
      "text": "좋은 질문을 만들며 호기심을 유지한다",
      "options": [
        {
          "label": "전혀 아니다",
          "score": 0
        },
        {
          "label": "아니다",
          "score": 1
        },
        {
          "label": "보통이다",
          "score": 2
        },
        {
          "label": "그렇다",
          "score": 3
        },
        {
          "label": "매우 그렇다",
          "score": 4
        }
      ]
    },
    {
      "text": "주기적으로 관심 목록을 정리·폐기한다",
      "options": [
        {
          "label": "전혀 아니다",
          "score": 0
        },
        {
          "label": "아니다",
          "score": 1
        },
        {
          "label": "보통이다",
          "score": 2
        },
        {
          "label": "그렇다",
          "score": 3
        },
        {
          "label": "매우 그렇다",
          "score": 4
        }
      ]
    },
    {
      "text": "알아낸 것을 남에게 설명하며 정리한다",
      "options": [
        {
          "label": "전혀 아니다",
          "score": 0
        },
        {
          "label": "아니다",
          "score": 1
        },
        {
          "label": "보통이다",
          "score": 2
        },
        {
          "label": "그렇다",
          "score": 3
        },
        {
          "label": "매우 그렇다",
          "score": 4
        }
      ]
    }
  ],
  "results": [
    {
      "range": [
        0,
        8
      ],
      "label": "탐색 확장형",
      "desc": "넓게 훑고 선택합니다. 깊이 학습용 앵커를 몇 개 정해보세요."
    },
    {
      "range": [
        9,
        16
      ],
      "label": "수집 정리형",
      "desc": "자료를 모아 구조화합니다. 의도적 폐기 기준이 도움이 됩니다."
    },
    {
      "range": [
        17,
        24
      ],
      "label": "심층 몰입형",
      "desc": "한 주제에 깊이 들어갑니다. 연결·전이가 새 시야를 열어줍니다."
    },
    {
      "range": [
        25,
        32
      ],
      "label": "연결 융합형",
      "desc": "이질 요소를 엮어 새 의미를 만듭니다. 근거·검증도 병행하세요."
    }
  ],
  "scoring": {
    "engine": "sum-range"
  },
  "disclaimer": "이 테스트는 오락/자기점검용이며 의학적·심리학적 진단이 아닙니다."
}