{
  "slug": "empathy-style",
  "title": "공감 표현 스타일",
  "type": "likert",
  "scale": "0-4",
  "category": "라이프스타일",
  "badge": "성향",
  "desc": "상대의 어려움을 들었을 때 당신이 주로 취하는 반응 방식을 확인합니다.",
  "questions": [
    {
      "text": "먼저 충분히 듣고 요약해 되묻는 편이다",
      "options": [
        {
          "label": "전혀 아니다",
          "score": 0
        },
        {
          "label": "아니다",
          "score": 1
        },
        {
          "label": "보통이다",
          "score": 2
        },
        {
          "label": "그렇다",
          "score": 3
        },
        {
          "label": "매우 그렇다",
          "score": 4
        }
      ]
    },
    {
      "text": "감정 이름을 붙여주며 공감한다",
      "options": [
        {
          "label": "전혀 아니다",
          "score": 0
        },
        {
          "label": "아니다",
          "score": 1
        },
        {
          "label": "보통이다",
          "score": 2
        },
        {
          "label": "그렇다",
          "score": 3
        },
        {
          "label": "매우 그렇다",
          "score": 4
        }
      ]
    },
    {
      "text": "현실적인 해결책을 함께 찾는다",
      "options": [
        {
          "label": "전혀 아니다",
          "score": 0
        },
        {
          "label": "아니다",
          "score": 1
        },
        {
          "label": "보통이다",
          "score": 2
        },
        {
          "label": "그렇다",
          "score": 3
        },
        {
          "label": "매우 그렇다",
          "score": 4
        }
      ]
    },
    {
      "text": "그저 곁에 있어주는 것이 중요하다고 느낀다",
      "options": [
        {
          "label": "전혀 아니다",
          "score": 0
        },
        {
          "label": "아니다",
          "score": 1
        },
        {
          "label": "보통이다",
          "score": 2
        },
        {
          "label": "그렇다",
          "score": 3
        },
        {
          "label": "매우 그렇다",
          "score": 4
        }
      ]
    },
    {
      "text": "상대의 관점을 바꿔볼 수 있게 질문한다",
      "options": [
        {
          "label": "전혀 아니다",
          "score": 0
        },
        {
          "label": "아니다",
          "score": 1
        },
        {
          "label": "보통이다",
          "score": 2
        },
        {
          "label": "그렇다",
          "score": 3
        },
        {
          "label": "매우 그렇다",
          "score": 4
        }
      ]
    },
    {
      "text": "판단·충고보다 인정과 수용을 먼저 한다",
      "options": [
        {
          "label": "전혀 아니다",
          "score": 0
        },
        {
          "label": "아니다",
          "score": 1
        },
        {
          "label": "보통이다",
          "score": 2
        },
        {
          "label": "그렇다",
          "score": 3
        },
        {
          "label": "매우 그렇다",
          "score": 4
        }
      ]
    },
    {
      "text": "실행 가능한 작은 행동을 제안한다",
      "options": [
        {
          "label": "전혀 아니다",
          "score": 0
        },
        {
          "label": "아니다",
          "score": 1
        },
        {
          "label": "보통이다",
          "score": 2
        },
        {
          "label": "그렇다",
          "score": 3
        },
        {
          "label": "매우 그렇다",
          "score": 4
        }
      ]
    },
    {
      "text": "도움이 필요하면 주변 자원을 연결한다",
      "options": [
        {
          "label": "전혀 아니다",
          "score": 0
        },
        {
          "label": "아니다",
          "score": 1
        },
        {
          "label": "보통이다",
          "score": 2
        },
        {
          "label": "그렇다",
          "score": 3
        },
        {
          "label": "매우 그렇다",
          "score": 4
        }
      ]
    }
  ],
  "results": [
    {
      "range": [
        0,
        8
      ],
      "label": "경청·반영형",
      "desc": "내용·감정을 요약·확인하며 안전감을 줍니다. 해결 제안은 타이밍을 보세요."
    },
    {
      "range": [
        9,
        16
      ],
      "label": "정서 공감형",
      "desc": "감정의 명명·인정에 강점이 있습니다. 상황 구조화도 곁들이면 좋습니다."
    },
    {
      "range": [
        17,
        24
      ],
      "label": "해결 지향형",
      "desc": "실질적 대안을 찾습니다. 먼저 감정을 충분히 다루면 수용성이 높아집니다."
    },
    {
      "range": [
        25,
        32
      ],
      "label": "존재 지지형",
      "desc": "함께 있어줌으로 힘이 됩니다. 필요 시 도움 요청/연결을 제안하세요."
    }
  ],
  "scoring": {
    "engine": "sum-range"
  },
  "disclaimer": "이 테스트는 오락/자기점검용이며 의학적·심리학적 진단이 아닙니다."
}