{
  "slug": "sleep-rhythm",
  "title": "수면 리듬 성향",
  "type": "likert",
  "scale": "0-4",
  "category": "라이프스타일",
  "badge": "지표",
  "desc": "하루 에너지 고점의 시간대와 생활 리듬을 점검합니다(진단 아님).",
  "questions": [
    {
      "text": "아침 시간에 가장 또렷하고 생산적이다",
      "options": [
        {
          "label": "전혀 아니다",
          "score": 0
        },
        {
          "label": "아니다",
          "score": 1
        },
        {
          "label": "보통이다",
          "score": 2
        },
        {
          "label": "그렇다",
          "score": 3
        },
        {
          "label": "매우 그렇다",
          "score": 4
        }
      ]
    },
    {
      "text": "기상·취침 시간을 규칙적으로 유지한다",
      "options": [
        {
          "label": "전혀 아니다",
          "score": 0
        },
        {
          "label": "아니다",
          "score": 1
        },
        {
          "label": "보통이다",
          "score": 2
        },
        {
          "label": "그렇다",
          "score": 3
        },
        {
          "label": "매우 그렇다",
          "score": 4
        }
      ]
    },
    {
      "text": "오후·저녁에 에너지가 올라온다",
      "options": [
        {
          "label": "전혀 아니다",
          "score": 0
        },
        {
          "label": "아니다",
          "score": 1
        },
        {
          "label": "보통이다",
          "score": 2
        },
        {
          "label": "그렇다",
          "score": 3
        },
        {
          "label": "매우 그렇다",
          "score": 4
        }
      ]
    },
    {
      "text": "주말·평일 수면 시간이 크게 다르다",
      "options": [
        {
          "label": "전혀 아니다",
          "score": 0
        },
        {
          "label": "아니다",
          "score": 1
        },
        {
          "label": "보통이다",
          "score": 2
        },
        {
          "label": "그렇다",
          "score": 3
        },
        {
          "label": "매우 그렇다",
          "score": 4
        }
      ]
    },
    {
      "text": "늦은 시간까지 활동하는 것을 선호한다",
      "options": [
        {
          "label": "전혀 아니다",
          "score": 0
        },
        {
          "label": "아니다",
          "score": 1
        },
        {
          "label": "보통이다",
          "score": 2
        },
        {
          "label": "그렇다",
          "score": 3
        },
        {
          "label": "매우 그렇다",
          "score": 4
        }
      ]
    },
    {
      "text": "아침 일정이 많으면 전날 컨디션이 나빠진다",
      "options": [
        {
          "label": "전혀 아니다",
          "score": 0
        },
        {
          "label": "아니다",
          "score": 1
        },
        {
          "label": "보통이다",
          "score": 2
        },
        {
          "label": "그렇다",
          "score": 3
        },
        {
          "label": "매우 그렇다",
          "score": 4
        }
      ]
    },
    {
      "text": "낮잠·짧은 휴식으로 리듬을 보완한다",
      "options": [
        {
          "label": "전혀 아니다",
          "score": 0
        },
        {
          "label": "아니다",
          "score": 1
        },
        {
          "label": "보통이다",
          "score": 2
        },
        {
          "label": "그렇다",
          "score": 3
        },
        {
          "label": "매우 그렇다",
          "score": 4
        }
      ]
    },
    {
      "text": "취침 1시간 전 화면 사용을 줄인다",
      "options": [
        {
          "label": "전혀 아니다",
          "score": 0
        },
        {
          "label": "아니다",
          "score": 1
        },
        {
          "label": "보통이다",
          "score": 2
        },
        {
          "label": "그렇다",
          "score": 3
        },
        {
          "label": "매우 그렇다",
          "score": 4
        }
      ]
    }
  ],
  "results": [
    {
      "range": [
        0,
        8
      ],
      "label": "아침형",
      "desc": "이른 시간에 고점을 맞습니다. 중요한 일을 오전에 배치해보세요."
    },
    {
      "range": [
        9,
        17
      ],
      "label": "중간형",
      "desc": "큰 편차 없이 균형형입니다. 일정에 맞춰 유연하게 조정합니다."
    },
    {
      "range": [
        18,
        26
      ],
      "label": "밤형",
      "desc": "오후·저녁에 집중도가 높습니다. 사회적 시차를 최소화하는 전략이 필요합니다."
    },
    {
      "range": [
        27,
        32
      ],
      "label": "불규칙형",
      "desc": "수면·활동 리듬 변동이 큽니다. 루틴·노출·운동으로 리듬을 다듬어보세요."
    }
  ],
  "scoring": {
    "engine": "sum-range"
  },
  "disclaimer": "이 테스트는 오락/자기점검용이며 의학적·심리학적 진단이 아닙니다."
}