{
  "slug": "tinyping",
  "title": "티니핑 MBTI 유형테스트 (비공식)",
  "subtitle": "12문항으로 알아보는 나와 닮은 티니핑",
  "engine": {
    "type": "mbti-axes",
    "dimensions": [
      "EI",
      "SN",
      "TF",
      "JP"
    ]
  },
  "questions": [
    {
      "id": "q1",
      "title": "주말 약속이 생겼다. 더 끌리는 건?",
      "options": [
        {
          "id": "a",
          "label": "새로운 사람들과 어울리는 번개 모임",
          "effects": {
            "E": 1
          }
        },
        {
          "id": "b",
          "label": "익숙한 공간에서 혼자 쉬는 시간",
          "effects": {
            "I": 1
          }
        }
      ]
    },
    {
      "id": "q2",
      "title": "새로운 정보를 배울 때 나는",
      "options": [
        {
          "id": "a",
          "label": "사실·사례부터 차근차근",
          "effects": {
            "S": 1
          }
        },
        {
          "id": "b",
          "label": "큰 그림과 아이디어부터",
          "effects": {
            "N": 1
          }
        }
      ]
    },
    {
      "id": "q3",
      "title": "친구가 고민을 털어놓으면",
      "options": [
        {
          "id": "a",
          "label": "논리적으로 해결책을 함께 찾는다",
          "effects": {
            "T": 1
          }
        },
        {
          "id": "b",
          "label": "마음을 공감하고 지지해 준다",
          "effects": {
            "F": 1
          }
        }
      ]
    },
    {
      "id": "q4",
      "title": "여행 계획을 세울 때",
      "options": [
        {
          "id": "a",
          "label": "일정과 예산을 꼼꼼히 정리",
          "effects": {
            "J": 1
          }
        },
        {
          "id": "b",
          "label": "현지 분위기 보며 즉흥적으로",
          "effects": {
            "P": 1
          }
        }
      ]
    },
    {
      "id": "q5",
      "title": "점심 메뉴를 고를 때 나는",
      "options": [
        {
          "id": "a",
          "label": "늘 먹던 검증된 메뉴",
          "effects": {
            "S": 1
          }
        },
        {
          "id": "b",
          "label": "새로운 스타일 도전!",
          "effects": {
            "N": 1
          }
        }
      ]
    },
    {
      "id": "q6",
      "title": "회의 중 내 스타일은",
      "options": [
        {
          "id": "a",
          "label": "아이디어를 던지며 대화 주도",
          "effects": {
            "E": 1
          }
        },
        {
          "id": "b",
          "label": "정리하고 정답을 곱씹는다",
          "effects": {
            "I": 1
          }
        }
      ]
    },
    {
      "id": "q7",
      "title": "갈등 상황에서 더 중요한 건",
      "options": [
        {
          "id": "a",
          "label": "원칙과 공정성",
          "effects": {
            "T": 1
          }
        },
        {
          "id": "b",
          "label": "관계의 평화",
          "effects": {
            "F": 1
          }
        }
      ]
    },
    {
      "id": "q8",
      "title": "책상 상태는 대체로",
      "options": [
        {
          "id": "a",
          "label": "정리정돈 완료, 제자리를 지킨다",
          "effects": {
            "J": 1
          }
        },
        {
          "id": "b",
          "label": "필요한 건 찾는다! 자유분방",
          "effects": {
            "P": 1
          }
        }
      ]
    },
    {
      "id": "q9",
      "title": "콘텐츠를 볼 때 나는",
      "options": [
        {
          "id": "a",
          "label": "사실·디테일·현실성에 집중",
          "effects": {
            "S": 1
          }
        },
        {
          "id": "b",
          "label": "상징·가능성·메타포에 반응",
          "effects": {
            "N": 1
          }
        }
      ]
    },
    {
      "id": "q10",
      "title": "친구 생일 선물",
      "options": [
        {
          "id": "a",
          "label": "실용적이고 필요한 것",
          "effects": {
            "T": 1
          }
        },
        {
          "id": "b",
          "label": "마음을 담은 감성템",
          "effects": {
            "F": 1
          }
        }
      ]
    },
    {
      "id": "q11",
      "title": "마감이 다가오면",
      "options": [
        {
          "id": "a",
          "label": "미리 계획대로 착착 끝낸다",
          "effects": {
            "J": 1
          }
        },
        {
          "id": "b",
          "label": "막판 몰입으로 한 번에!",
          "effects": {
            "P": 1
          }
        }
      ]
    },
    {
      "id": "q12",
      "title": "새로운 사람을 만날 때",
      "options": [
        {
          "id": "a",
          "label": "먼저 말 걸고 분위기를 푼다",
          "effects": {
            "E": 1
          }
        },
        {
          "id": "b",
          "label": "상황을 보고 조심스레 접근",
          "effects": {
            "I": 1
          }
        }
      ]
    }
  ],
  "results": [
    {
      "id": "ENTP",
      "title": "똑똑핑 (ENTP)",
      "subtitle": "ENTP — 사람들과 어울리며 에너지를 얻는 편 · 아이디어와 가능성에 끌림 · 논리와 원칙을 중시 · 유연하고 즉흥적인 스타일",
      "description": "당신은 똑똑핑 유형! 사람들과 어울리며 에너지를 얻는 편 · 아이디어와 가능성에 끌림 · 논리와 원칙을 중시 · 유연하고 즉흥적인 스타일. 상황에 맞는 강점을 살려 주면 더욱 빛납니다.",
      "image": "/og-plain.png"
    },
    {
      "id": "ENTJ",
      "title": "아자핑 (ENTJ)",
      "subtitle": "ENTJ — 사람들과 어울리며 에너지를 얻는 편 · 아이디어와 가능성에 끌림 · 논리와 원칙을 중시 · 계획적이고 정리된 스타일",
      "description": "당신은 아자핑 유형! 사람들과 어울리며 에너지를 얻는 편 · 아이디어와 가능성에 끌림 · 논리와 원칙을 중시 · 계획적이고 정리된 스타일. 상황에 맞는 강점을 살려 주면 더욱 빛납니다.",
      "image": "/og-plain.png"
    },
    {
      "id": "ESTP",
      "title": "키키핑 (ESTP)",
      "subtitle": "ESTP — 사람들과 어울리며 에너지를 얻는 편 · 현실적이고 구체적인 정보 선호 · 논리와 원칙을 중시 · 유연하고 즉흥적인 스타일",
      "description": "당신은 키키핑 유형! 사람들과 어울리며 에너지를 얻는 편 · 현실적이고 구체적인 정보 선호 · 논리와 원칙을 중시 · 유연하고 즉흥적인 스타일. 상황에 맞는 강점을 살려 주면 더욱 빛납니다.",
      "image": "/og-plain.png"
    },
    {
      "id": "ESTJ",
      "title": "바로핑 (ESTJ)",
      "subtitle": "ESTJ — 사람들과 어울리며 에너지를 얻는 편 · 현실적이고 구체적인 정보 선호 · 논리와 원칙을 중시 · 계획적이고 정리된 스타일",
      "description": "당신은 바로핑 유형! 사람들과 어울리며 에너지를 얻는 편 · 현실적이고 구체적인 정보 선호 · 논리와 원칙을 중시 · 계획적이고 정리된 스타일. 상황에 맞는 강점을 살려 주면 더욱 빛납니다.",
      "image": "/og-plain.png"
    },
    {
      "id": "ENFJ",
      "title": "띠용핑 (ENFJ)",
      "subtitle": "ENFJ — 사람들과 어울리며 에너지를 얻는 편 · 아이디어와 가능성에 끌림 · 감정과 조화를 중시 · 계획적이고 정리된 스타일",
      "description": "당신은 띠용핑 유형! 사람들과 어울리며 에너지를 얻는 편 · 아이디어와 가능성에 끌림 · 감정과 조화를 중시 · 계획적이고 정리된 스타일. 상황에 맞는 강점을 살려 주면 더욱 빛납니다.",
      "image": "/og-plain.png"
    },
    {
      "id": "ENFP",
      "title": "방글핑 (ENFP)",
      "subtitle": "ENFP — 사람들과 어울리며 에너지를 얻는 편 · 아이디어와 가능성에 끌림 · 감정과 조화를 중시 · 유연하고 즉흥적인 스타일",
      "description": "당신은 방글핑 유형! 사람들과 어울리며 에너지를 얻는 편 · 아이디어와 가능성에 끌림 · 감정과 조화를 중시 · 유연하고 즉흥적인 스타일. 상황에 맞는 강점을 살려 주면 더욱 빛납니다.",
      "image": "/og-plain.png"
    },
    {
      "id": "ESFJ",
      "title": "딱풀핑 (ESFJ)",
      "subtitle": "ESFJ — 사람들과 어울리며 에너지를 얻는 편 · 현실적이고 구체적인 정보 선호 · 감정과 조화를 중시 · 계획적이고 정리된 스타일",
      "description": "당신은 딱풀핑 유형! 사람들과 어울리며 에너지를 얻는 편 · 현실적이고 구체적인 정보 선호 · 감정과 조화를 중시 · 계획적이고 정리된 스타일. 상황에 맞는 강점을 살려 주면 더욱 빛납니다.",
      "image": "/og-plain.png"
    },
    {
      "id": "ESFP",
      "title": "차차핑 (ESFP)",
      "subtitle": "ESFP — 사람들과 어울리며 에너지를 얻는 편 · 현실적이고 구체적인 정보 선호 · 감정과 조화를 중시 · 유연하고 즉흥적인 스타일",
      "description": "당신은 차차핑 유형! 사람들과 어울리며 에너지를 얻는 편 · 현실적이고 구체적인 정보 선호 · 감정과 조화를 중시 · 유연하고 즉흥적인 스타일. 상황에 맞는 강점을 살려 주면 더욱 빛납니다.",
      "image": "/og-plain.png"
    },
    {
      "id": "INTP",
      "title": "나르핑 (INTP)",
      "subtitle": "INTP — 혼자만의 시간에서 회복하는 편 · 아이디어와 가능성에 끌림 · 논리와 원칙을 중시 · 유연하고 즉흥적인 스타일",
      "description": "당신은 나르핑 유형! 혼자만의 시간에서 회복하는 편 · 아이디어와 가능성에 끌림 · 논리와 원칙을 중시 · 유연하고 즉흥적인 스타일. 상황에 맞는 강점을 살려 주면 더욱 빛납니다.",
      "image": "/og-plain.png"
    },
    {
      "id": "INTJ",
      "title": "시러핑 (INTJ)",
      "subtitle": "INTJ — 혼자만의 시간에서 회복하는 편 · 아이디어와 가능성에 끌림 · 논리와 원칙을 중시 · 계획적이고 정리된 스타일",
      "description": "당신은 시러핑 유형! 혼자만의 시간에서 회복하는 편 · 아이디어와 가능성에 끌림 · 논리와 원칙을 중시 · 계획적이고 정리된 스타일. 상황에 맞는 강점을 살려 주면 더욱 빛납니다.",
      "image": "/og-plain.png"
    },
    {
      "id": "ISTP",
      "title": "악동핑 (ISTP)",
      "subtitle": "ISTP — 혼자만의 시간에서 회복하는 편 · 현실적이고 구체적인 정보 선호 · 논리와 원칙을 중시 · 유연하고 즉흥적인 스타일",
      "description": "당신은 악동핑 유형! 혼자만의 시간에서 회복하는 편 · 현실적이고 구체적인 정보 선호 · 논리와 원칙을 중시 · 유연하고 즉흥적인 스타일. 상황에 맞는 강점을 살려 주면 더욱 빛납니다.",
      "image": "/og-plain.png"
    },
    {
      "id": "ISTJ",
      "title": "믿어핑 (ISTJ)",
      "subtitle": "ISTJ — 혼자만의 시간에서 회복하는 편 · 현실적이고 구체적인 정보 선호 · 논리와 원칙을 중시 · 계획적이고 정리된 스타일",
      "description": "당신은 믿어핑 유형! 혼자만의 시간에서 회복하는 편 · 현실적이고 구체적인 정보 선호 · 논리와 원칙을 중시 · 계획적이고 정리된 스타일. 상황에 맞는 강점을 살려 주면 더욱 빛납니다.",
      "image": "/og-plain.png"
    },
    {
      "id": "INFJ",
      "title": "라라핑 (INFJ)",
      "subtitle": "INFJ — 혼자만의 시간에서 회복하는 편 · 아이디어와 가능성에 끌림 · 감정과 조화를 중시 · 계획적이고 정리된 스타일",
      "description": "당신은 라라핑 유형! 혼자만의 시간에서 회복하는 편 · 아이디어와 가능성에 끌림 · 감정과 조화를 중시 · 계획적이고 정리된 스타일. 상황에 맞는 강점을 살려 주면 더욱 빛납니다.",
      "image": "/og-plain.png"
    },
    {
      "id": "INFP",
      "title": "하츄핑 (INFP)",
      "subtitle": "INFP — 혼자만의 시간에서 회복하는 편 · 아이디어와 가능성에 끌림 · 감정과 조화를 중시 · 유연하고 즉흥적인 스타일",
      "description": "당신은 하츄핑 유형! 혼자만의 시간에서 회복하는 편 · 아이디어와 가능성에 끌림 · 감정과 조화를 중시 · 유연하고 즉흥적인 스타일. 상황에 맞는 강점을 살려 주면 더욱 빛납니다.",
      "image": "/og-plain.png"
    },
    {
      "id": "ISFJ",
      "title": "차캐핑 (ISFJ)",
      "subtitle": "ISFJ — 혼자만의 시간에서 회복하는 편 · 현실적이고 구체적인 정보 선호 · 감정과 조화를 중시 · 계획적이고 정리된 스타일",
      "description": "당신은 차캐핑 유형! 혼자만의 시간에서 회복하는 편 · 현실적이고 구체적인 정보 선호 · 감정과 조화를 중시 · 계획적이고 정리된 스타일. 상황에 맞는 강점을 살려 주면 더욱 빛납니다.",
      "image": "/og-plain.png"
    },
    {
      "id": "ISFP",
      "title": "차나핑 (ISFP)",
      "subtitle": "ISFP — 혼자만의 시간에서 회복하는 편 · 현실적이고 구체적인 정보 선호 · 감정과 조화를 중시 · 유연하고 즉흥적인 스타일",
      "description": "당신은 차나핑 유형! 혼자만의 시간에서 회복하는 편 · 현실적이고 구체적인 정보 선호 · 감정과 조화를 중시 · 유연하고 즉흥적인 스타일. 상황에 맞는 강점을 살려 주면 더욱 빛납니다.",
      "image": "/og-plain.png"
    }
  ]
}