{
  "slug": "psychopath-check",
  "title": "사이코패스 경향 자가체크",
  "subtitle": "12문항으로 가볍게 점검 (엔터테인먼트)",
  "category": "라이프스타일",
  "badge": "성향",
  "author": "유형테스트",
  "version": "1.0.0",
  "scoring": {
    "engine": "sum-range"
  },
  "intro": "이 테스트는 의학적 진단이 아닙니다. 가볍게 자기 성향을 점검하는 용도이며 불편감이 크다면 전문 도움을 고려하세요.",
  "questions": [
    {
      "id": "q1",
      "title": "상대 감정에 공감하기보다 사실·결과만 중요하다고 느낀다",
      "options": [
        {
          "id": "a",
          "label": "그렇다",
          "score": 1
        },
        {
          "id": "b",
          "label": "아니다",
          "score": 0
        }
      ]
    },
    {
      "id": "q2",
      "title": "목표를 위해 거짓말을 해도 죄책감이 크지 않다",
      "options": [
        {
          "id": "a",
          "label": "그렇다",
          "score": 1
        },
        {
          "id": "b",
          "label": "아니다",
          "score": 0
        }
      ]
    },
    {
      "id": "q3",
      "title": "긴장감 높은 상황에서 오히려 침착하거나 짜릿함을 느낀다",
      "options": [
        {
          "id": "a",
          "label": "그렇다",
          "score": 1
        },
        {
          "id": "b",
          "label": "아니다",
          "score": 0
        }
      ]
    },
    {
      "id": "q4",
      "title": "규칙이 비효율적이면 어겨도 된다고 생각한다",
      "options": [
        {
          "id": "a",
          "label": "그렇다",
          "score": 1
        },
        {
          "id": "b",
          "label": "아니다",
          "score": 0
        }
      ]
    },
    {
      "id": "q5",
      "title": "사소한 실수에 대해 사과하는 편이 아니다",
      "options": [
        {
          "id": "a",
          "label": "그렇다",
          "score": 1
        },
        {
          "id": "b",
          "label": "아니다",
          "score": 0
        }
      ]
    },
    {
      "id": "q6",
      "title": "충동적으로 결정을 내리고 나중에 수습하는 편이다",
      "options": [
        {
          "id": "a",
          "label": "그렇다",
          "score": 1
        },
        {
          "id": "b",
          "label": "아니다",
          "score": 0
        }
      ]
    },
    {
      "id": "q7",
      "title": "타인의 경계(사생활·시간)를 쉽게 넘나드는 편이다",
      "options": [
        {
          "id": "a",
          "label": "그렇다",
          "score": 1
        },
        {
          "id": "b",
          "label": "아니다",
          "score": 0
        }
      ]
    },
    {
      "id": "q8",
      "title": "과장이나 포장을 잘한다는 말을 자주 듣는다",
      "options": [
        {
          "id": "a",
          "label": "그렇다",
          "score": 1
        },
        {
          "id": "b",
          "label": "아니다",
          "score": 0
        }
      ]
    },
    {
      "id": "q9",
      "title": "갈등이 생기면 상대의 약점을 먼저 파악해 대응한다",
      "options": [
        {
          "id": "a",
          "label": "그렇다",
          "score": 1
        },
        {
          "id": "b",
          "label": "아니다",
          "score": 0
        }
      ]
    },
    {
      "id": "q10",
      "title": "책임을 지게 되어도 큰 부담을 느끼지 않는다",
      "options": [
        {
          "id": "a",
          "label": "그렇다",
          "score": 1
        },
        {
          "id": "b",
          "label": "아니다",
          "score": 0
        }
      ]
    },
    {
      "id": "q11",
      "title": "감정보다 이득이 우선이라고 자주 생각한다",
      "options": [
        {
          "id": "a",
          "label": "그렇다",
          "score": 1
        },
        {
          "id": "b",
          "label": "아니다",
          "score": 0
        }
      ]
    },
    {
      "id": "q12",
      "title": "감동·연민 같은 감정을 가끔 이해하기 어렵다",
      "options": [
        {
          "id": "a",
          "label": "그렇다",
          "score": 1
        },
        {
          "id": "b",
          "label": "아니다",
          "score": 0
        }
      ]
    }
  ],
  "results": [
    {
      "id": "safe",
      "title": "안심존",
      "range": [
        0,
        3
      ],
      "summary": "대체로 공감과 책임의 균형이 잘 잡혀 있어요.",
      "desc": "상황 판단은 이성적으로 하되, 타인 감정에도 민감한 편입니다.",
      "tips": [
        "강점: 신뢰",
        "지속: 경청·피드백 루틴 유지"
      ],
      "hashtags": [
        "#균형",
        "#신뢰",
        "#공감"
      ]
    },
    {
      "id": "watch",
      "title": "주의존",
      "range": [
        4,
        6
      ],
      "summary": "특정 상황에서 차가운 판단이 앞설 수 있어요.",
      "desc": "효율·성과 지향이 강해 갈등 시 공감이 뒤로 밀릴 수 있습니다.",
      "tips": [
        "대화 전 '감정-사실 분리' 메모",
        "사과·복구 스킬 훈련"
      ],
      "hashtags": [
        "#효율집중",
        "#균형필요"
      ]
    },
    {
      "id": "caution",
      "title": "경계존",
      "range": [
        7,
        9
      ],
      "summary": "공감·책임 영역에서 개선의 여지가 보여요.",
      "desc": "의도와 무관하게 주변에 상처를 줄 수 있으니 피드백 루프를 만들어 보세요.",
      "tips": [
        "대화 시 감정라벨링 먼저",
        "결정 전 '영향 받는 사람' 적어보기"
      ],
      "hashtags": [
        "#피드백",
        "#성찰"
      ]
    },
    {
      "id": "risk",
      "title": "위험존",
      "range": [
        10,
        12
      ],
      "summary": "대인관계에서 어려움이 반복될 수 있는 패턴.",
      "desc": "이 테스트는 진단 도구가 아닙니다. 생활에 어려움이 크다면 전문적인 상담 도움을 고려해 보세요.",
      "tips": [
        "일상 체크인(감정·행동·영향 기록)",
        "신뢰할 만한 사람과 정기 대화"
      ],
      "hashtags": [
        "#도움요청",
        "#자가체크",
        "#엔터테인먼트"
      ]
    }
  ]
}