{
  "categories": ["엔터테인먼트", "연애&결혼", "라이프스타일", "교육"],
  "items": [
    {
      "slug": "teenping-mbti",
      "title": "티니핑 MBTI 유형테스트",
      "subtitle": "12문항으로 알아보는 나와 닮은 티니핑 (비공식)",
      "category": "엔터테인먼트",
      "badge": "MBTI",
      "author": "유형테스트"
    },
    {
      "slug": "love-style",
      "title": "이번 달 내 사랑운",
      "subtitle": "12문항으로 보는 이달의 연애 흐름 (엔터테인먼트)",
      "category": "연애&결혼",
      "badge": "운세",
      "author": "유형테스트"
    },
    {
      "slug": "love-rank",
      "title": "연애 직급 테스트",
      "subtitle": "12문항으로 알아보는 내 연애 직급",
      "category": "연애&결혼",
      "badge": "연애",
      "author": "유형테스트"
    },
    {
      "slug": "study-habit",
      "title": "공부 습관 자가진단",
      "subtitle": "집중/계획/실행 습관 점검",
      "category": "교육",
      "badge": "습관",
      "author": "유형테스트"
    }
  ]
}
