{
  "slug": "bts-fandom",
  "title": "BTS 덕력 테스트",
  "type": "mcq",
  "category": "덕력 테스트",
  "badge": "덕력",
  "questions": [
    {
      "text": "다음 중 BTS 멤버가 **아닌** 사람은?",
      "options": [
        {
          "label": "j-hope"
        },
        {
          "label": "RM"
        },
        {
          "label": "홍길동"
        },
        {
          "label": "Jimin"
        }
      ],
      "correct_index": 2,
      "explain": ""
    },
    {
      "text": "BTS의 공식 팬덤명은?",
      "options": [
        {
          "label": "BLINK"
        },
        {
          "label": "ARMY"
        },
        {
          "label": "ARMY"
        },
        {
          "label": "ONCE"
        },
        {
          "label": "STAY"
        }
      ],
      "correct_index": 1,
      "explain": ""
    },
    {
      "text": "BTS의 소속(레이블)은?",
      "options": [
        {
          "label": "JYP Entertainment"
        },
        {
          "label": "SM Entertainment"
        },
        {
          "label": "ADOR"
        },
        {
          "label": "Starship Entertainment"
        },
        {
          "label": "SOURCE MUSIC"
        },
        {
          "label": "YG Entertainment"
        },
        {
          "label": "BIGHIT MUSIC"
        }
      ],
      "correct_index": 6,
      "explain": ""
    },
    {
      "text": "BTS의 현재 구성원 수는?",
      "options": [
        {
          "label": "7"
        },
        {
          "label": "8"
        },
        {
          "label": "6"
        },
        {
          "label": "9"
        }
      ],
      "correct_index": 0,
      "explain": ""
    },
    {
      "text": "BTS의 데뷔 연도는?",
      "options": [
        {
          "label": "2012"
        },
        {
          "label": "2015"
        },
        {
          "label": "2013"
        },
        {
          "label": "2014"
        }
      ],
      "correct_index": 2,
      "explain": ""
    },
    {
      "text": "다음 중 BTS의 곡은?",
      "options": [
        {
          "label": "BOOMBAYAH"
        },
        {
          "label": "No More Dream"
        },
        {
          "label": "Like OOH-AHH"
        },
        {
          "label": "Black Mamba"
        }
      ],
      "correct_index": 1,
      "explain": ""
    },
    {
      "text": "다음 중 BTS의 곡이 **아닌** 것은?",
      "options": [
        {
          "label": "Boy With Luv"
        },
        {
          "label": "Dynamite"
        },
        {
          "label": "No More Dream"
        },
        {
          "label": "BOOMBAYAH"
        }
      ],
      "correct_index": 3,
      "explain": ""
    },
    {
      "text": "BTS의 리더는?",
      "options": [
        {
          "label": "V"
        },
        {
          "label": "j-hope"
        },
        {
          "label": "SUGA"
        },
        {
          "label": "RM"
        }
      ],
      "correct_index": 3,
      "explain": ""
    },
    {
      "text": "다음 중 BTS의 곡은?",
      "options": [
        {
          "label": "Hype Boy"
        },
        {
          "label": "No More Dream"
        },
        {
          "label": "TT"
        },
        {
          "label": "Cheer Up"
        }
      ],
      "correct_index": 1,
      "explain": ""
    },
    {
      "text": "다음 중 BTS의 곡이 **아닌** 것은?",
      "options": [
        {
          "label": "Boy With Luv"
        },
        {
          "label": "No More Dream"
        },
        {
          "label": "Next Level"
        },
        {
          "label": "Dynamite"
        }
      ],
      "correct_index": 2,
      "explain": ""
    },
    {
      "text": "다음 중 BTS의 곡은?",
      "options": [
        {
          "label": "Square Two"
        },
        {
          "label": "Skool Luv Affair"
        },
        {
          "label": "Perfect Red Velvet"
        },
        {
          "label": "MAP OF THE SOUL: 7"
        }
      ],
      "correct_index": 3,
      "explain": ""
    },
    {
      "text": "다음 중 BTS의 곡은?",
      "options": [
        {
          "label": "j-hope"
        },
        {
          "label": "Jin"
        },
        {
          "label": "Jungkook"
        },
        {
          "label": "Jimin"
        }
      ],
      "correct_index": 2,
      "explain": ""
    }
  ],
  "scoring": {
    "per_question": 1,
    "correct_gets": 1,
    "wrong_gets": 0
  },
  "result_bands": [
    {
      "min": 0,
      "max": 4,
      "label": "입문",
      "desc": "기본 정보부터 차근차근 익혀봐요."
    },
    {
      "min": 5,
      "max": 8,
      "label": "중수",
      "desc": "꽤 알고 있어요. 콘셉트/활동도 더 파보면 좋아요."
    },
    {
      "min": 9,
      "max": 11,
      "label": "고수",
      "desc": "활동과 음악을 폭넓게 알고 있네요!"
    },
    {
      "min": 12,
      "max": 12,
      "label": "마스터",
      "desc": "덕력 만렙! 디스코그래피와 활동까지 섭렵했습니다."
    }
  ],
  "disclaimer": "이 테스트는 팬 활동을 재미로 점검하는 용도로 제작되었습니다."
}