{
  "slug": "ive-fandom",
  "title": "IVE 덕력 테스트",
  "type": "mcq",
  "category": "덕력 테스트",
  "badge": "덕력",
  "questions": [
    {
      "text": "다음 중 IVE 멤버가 **아닌** 사람은?",
      "options": [
        {
          "label": "YUJIN"
        },
        {
          "label": "WONYOUNG"
        },
        {
          "label": "홍길동"
        },
        {
          "label": "GAEUL"
        }
      ],
      "correct_index": 2,
      "explain": ""
    },
    {
      "text": "IVE의 공식 팬덤명은?",
      "options": [
        {
          "label": "DIVE"
        },
        {
          "label": "STAY"
        },
        {
          "label": "BLINK"
        },
        {
          "label": "ONCE"
        },
        {
          "label": "ARMY"
        }
      ],
      "correct_index": 0,
      "explain": ""
    },
    {
      "text": "IVE의 소속(레이블)은?",
      "options": [
        {
          "label": "YG Entertainment"
        },
        {
          "label": "ADOR"
        },
        {
          "label": "SOURCE MUSIC"
        },
        {
          "label": "JYP Entertainment"
        },
        {
          "label": "SM Entertainment"
        },
        {
          "label": "Starship Entertainment"
        },
        {
          "label": "Starship Entertainment"
        }
      ],
      "correct_index": 5,
      "explain": ""
    },
    {
      "text": "IVE의 현재 구성원 수는?",
      "options": [
        {
          "label": "7"
        },
        {
          "label": "6"
        },
        {
          "label": "8"
        },
        {
          "label": "5"
        }
      ],
      "correct_index": 1,
      "explain": ""
    },
    {
      "text": "IVE의 데뷔 연도는?",
      "options": [
        {
          "label": "2022"
        },
        {
          "label": "2021"
        },
        {
          "label": "2020"
        },
        {
          "label": "2023"
        }
      ],
      "correct_index": 1,
      "explain": ""
    },
    {
      "text": "다음 중 IVE의 곡은?",
      "options": [
        {
          "label": "ELEVEN"
        },
        {
          "label": "DDU-DU DDU-DU"
        },
        {
          "label": "Hot Sauce"
        },
        {
          "label": "Adore U"
        }
      ],
      "correct_index": 0,
      "explain": ""
    },
    {
      "text": "다음 중 IVE의 곡이 **아닌** 것은?",
      "options": [
        {
          "label": "Adore U"
        },
        {
          "label": "ELEVEN"
        },
        {
          "label": "I AM"
        },
        {
          "label": "LOVE DIVE"
        }
      ],
      "correct_index": 0,
      "explain": ""
    },
    {
      "text": "IVE의 리더는?",
      "options": [
        {
          "label": "LIZ"
        },
        {
          "label": "YUJIN"
        },
        {
          "label": "GAEUL"
        },
        {
          "label": "REI"
        }
      ],
      "correct_index": 1,
      "explain": ""
    },
    {
      "text": "다음 중 IVE의 곡은?",
      "options": [
        {
          "label": "Hype Boy"
        },
        {
          "label": "TT"
        },
        {
          "label": "ELEVEN"
        },
        {
          "label": "Cheer Up"
        }
      ],
      "correct_index": 2,
      "explain": ""
    },
    {
      "text": "다음 중 IVE의 곡이 **아닌** 것은?",
      "options": [
        {
          "label": "I AM"
        },
        {
          "label": "ELEVEN"
        },
        {
          "label": "LOVE DIVE"
        },
        {
          "label": "Next Level"
        }
      ],
      "correct_index": 3,
      "explain": ""
    },
    {
      "text": "다음 중 IVE의 곡은?",
      "options": [
        {
          "label": "I've IVE"
        },
        {
          "label": "Perfect Red Velvet"
        },
        {
          "label": "Square Two"
        },
        {
          "label": "Skool Luv Affair"
        }
      ],
      "correct_index": 0,
      "explain": ""
    },
    {
      "text": "다음 중 IVE의 곡은?",
      "options": [
        {
          "label": "WONYOUNG"
        },
        {
          "label": "LIZ"
        },
        {
          "label": "GAEUL"
        },
        {
          "label": "LEESEO"
        }
      ],
      "correct_index": 1,
      "explain": ""
    }
  ],
  "scoring": {
    "per_question": 1,
    "correct_gets": 1,
    "wrong_gets": 0
  },
  "result_bands": [
    {
      "min": 0,
      "max": 4,
      "label": "입문",
      "desc": "기본 정보부터 차근차근 익혀봐요."
    },
    {
      "min": 5,
      "max": 8,
      "label": "중수",
      "desc": "꽤 알고 있어요. 콘셉트/활동도 더 파보면 좋아요."
    },
    {
      "min": 9,
      "max": 11,
      "label": "고수",
      "desc": "활동과 음악을 폭넓게 알고 있네요!"
    },
    {
      "min": 12,
      "max": 12,
      "label": "마스터",
      "desc": "덕력 만렙! 디스코그래피와 활동까지 섭렵했습니다."
    }
  ],
  "disclaimer": "이 테스트는 팬 활동을 재미로 점검하는 용도로 제작되었습니다."
}