{
  "slug": "nct-dream-fandom",
  "title": "NCT DREAM 덕력 테스트",
  "type": "mcq",
  "category": "덕력 테스트",
  "badge": "덕력",
  "questions": [
    {
      "text": "다음 중 NCT DREAM 멤버가 **아닌** 사람은?",
      "options": [
        {
          "label": "JISUNG"
        },
        {
          "label": "홍길동"
        },
        {
          "label": "JAEMIN"
        },
        {
          "label": "JENO"
        }
      ],
      "correct_index": 1,
      "explain": ""
    },
    {
      "text": "NCT DREAM의 공식 팬덤명은?",
      "options": [
        {
          "label": "ONCE"
        },
        {
          "label": "STAY"
        },
        {
          "label": "BLINK"
        },
        {
          "label": "NCTzen"
        },
        {
          "label": "ARMY"
        }
      ],
      "correct_index": 3,
      "explain": ""
    },
    {
      "text": "NCT DREAM의 소속(레이블)은?",
      "options": [
        {
          "label": "Starship Entertainment"
        },
        {
          "label": "JYP Entertainment"
        },
        {
          "label": "SM Entertainment"
        },
        {
          "label": "ADOR"
        },
        {
          "label": "YG Entertainment"
        },
        {
          "label": "SM Entertainment"
        },
        {
          "label": "SOURCE MUSIC"
        }
      ],
      "correct_index": 2,
      "explain": ""
    },
    {
      "text": "NCT DREAM의 현재 구성원 수는?",
      "options": [
        {
          "label": "9"
        },
        {
          "label": "7"
        },
        {
          "label": "6"
        },
        {
          "label": "8"
        }
      ],
      "correct_index": 1,
      "explain": ""
    },
    {
      "text": "NCT DREAM의 데뷔 연도는?",
      "options": [
        {
          "label": "2016"
        },
        {
          "label": "2018"
        },
        {
          "label": "2015"
        },
        {
          "label": "2017"
        }
      ],
      "correct_index": 0,
      "explain": ""
    },
    {
      "text": "다음 중 NCT DREAM의 곡은?",
      "options": [
        {
          "label": "Chewing Gum"
        },
        {
          "label": "Hype Boy"
        },
        {
          "label": "Fearless"
        },
        {
          "label": "Dynamite"
        }
      ],
      "correct_index": 0,
      "explain": ""
    },
    {
      "text": "다음 중 NCT DREAM의 곡이 **아닌** 것은?",
      "options": [
        {
          "label": "Fearless"
        },
        {
          "label": "Hot Sauce"
        },
        {
          "label": "Beatbox"
        },
        {
          "label": "Chewing Gum"
        }
      ],
      "correct_index": 0,
      "explain": ""
    },
    {
      "text": "NCT DREAM의 리더는?",
      "options": [
        {
          "label": "JAEMIN"
        },
        {
          "label": "JISUNG"
        },
        {
          "label": "MARK"
        },
        {
          "label": "RENJUN"
        }
      ],
      "correct_index": 2,
      "explain": ""
    },
    {
      "text": "다음 중 NCT DREAM의 곡은?",
      "options": [
        {
          "label": "Hype Boy"
        },
        {
          "label": "TT"
        },
        {
          "label": "Cheer Up"
        },
        {
          "label": "Chewing Gum"
        }
      ],
      "correct_index": 3,
      "explain": ""
    },
    {
      "text": "다음 중 NCT DREAM의 곡이 **아닌** 것은?",
      "options": [
        {
          "label": "Chewing Gum"
        },
        {
          "label": "Next Level"
        },
        {
          "label": "Hot Sauce"
        },
        {
          "label": "Beatbox"
        }
      ],
      "correct_index": 1,
      "explain": ""
    },
    {
      "text": "다음 중 NCT DREAM의 곡은?",
      "options": [
        {
          "label": "Square Two"
        },
        {
          "label": "Skool Luv Affair"
        },
        {
          "label": "Perfect Red Velvet"
        },
        {
          "label": "Hot Sauce"
        }
      ],
      "correct_index": 3,
      "explain": ""
    },
    {
      "text": "다음 중 NCT DREAM의 곡은?",
      "options": [
        {
          "label": "JISUNG"
        },
        {
          "label": "MARK"
        },
        {
          "label": "CHENLE"
        },
        {
          "label": "HAECHAN"
        }
      ],
      "correct_index": 2,
      "explain": ""
    }
  ],
  "scoring": {
    "per_question": 1,
    "correct_gets": 1,
    "wrong_gets": 0
  },
  "result_bands": [
    {
      "min": 0,
      "max": 4,
      "label": "입문",
      "desc": "기본 정보부터 차근차근 익혀봐요."
    },
    {
      "min": 5,
      "max": 8,
      "label": "중수",
      "desc": "꽤 알고 있어요. 콘셉트/활동도 더 파보면 좋아요."
    },
    {
      "min": 9,
      "max": 11,
      "label": "고수",
      "desc": "활동과 음악을 폭넓게 알고 있네요!"
    },
    {
      "min": 12,
      "max": 12,
      "label": "마스터",
      "desc": "덕력 만렙! 디스코그래피와 활동까지 섭렵했습니다."
    }
  ],
  "disclaimer": "이 테스트는 팬 활동을 재미로 점검하는 용도로 제작되었습니다."
}