{
  "slug": "red-velvet-fandom",
  "title": "Red Velvet 덕력 테스트",
  "type": "mcq",
  "category": "덕력 테스트",
  "badge": "덕력",
  "questions": [
    {
      "text": "다음 중 Red Velvet 멤버가 **아닌** 사람은?",
      "options": [
        {
          "label": "홍길동"
        },
        {
          "label": "JOY"
        },
        {
          "label": "IRENE"
        },
        {
          "label": "SEULGI"
        }
      ],
      "correct_index": 0,
      "explain": ""
    },
    {
      "text": "Red Velvet의 공식 팬덤명은?",
      "options": [
        {
          "label": "ReVeluv"
        },
        {
          "label": "ONCE"
        },
        {
          "label": "ARMY"
        },
        {
          "label": "STAY"
        },
        {
          "label": "BLINK"
        }
      ],
      "correct_index": 0,
      "explain": ""
    },
    {
      "text": "Red Velvet의 소속(레이블)은?",
      "options": [
        {
          "label": "YG Entertainment"
        },
        {
          "label": "SM Entertainment"
        },
        {
          "label": "SM Entertainment"
        },
        {
          "label": "SOURCE MUSIC"
        },
        {
          "label": "ADOR"
        },
        {
          "label": "JYP Entertainment"
        },
        {
          "label": "Starship Entertainment"
        }
      ],
      "correct_index": 1,
      "explain": ""
    },
    {
      "text": "Red Velvet의 현재 구성원 수는?",
      "options": [
        {
          "label": "7"
        },
        {
          "label": "6"
        },
        {
          "label": "4"
        },
        {
          "label": "5"
        }
      ],
      "correct_index": 3,
      "explain": ""
    },
    {
      "text": "Red Velvet의 데뷔 연도는?",
      "options": [
        {
          "label": "2014"
        },
        {
          "label": "2016"
        },
        {
          "label": "2013"
        },
        {
          "label": "2015"
        }
      ],
      "correct_index": 0,
      "explain": ""
    },
    {
      "text": "다음 중 Red Velvet의 곡은?",
      "options": [
        {
          "label": "Shut Down"
        },
        {
          "label": "Black Mamba"
        },
        {
          "label": "Dynamite"
        },
        {
          "label": "Happiness"
        }
      ],
      "correct_index": 3,
      "explain": ""
    },
    {
      "text": "다음 중 Red Velvet의 곡이 **아닌** 것은?",
      "options": [
        {
          "label": "Psycho"
        },
        {
          "label": "Black Mamba"
        },
        {
          "label": "Happiness"
        },
        {
          "label": "Red Flavor"
        }
      ],
      "correct_index": 1,
      "explain": ""
    },
    {
      "text": "Red Velvet의 리더는?",
      "options": [
        {
          "label": "SEULGI"
        },
        {
          "label": "JOY"
        },
        {
          "label": "IRENE"
        },
        {
          "label": "YERI"
        }
      ],
      "correct_index": 2,
      "explain": ""
    },
    {
      "text": "다음 중 Red Velvet의 곡은?",
      "options": [
        {
          "label": "TT"
        },
        {
          "label": "Hype Boy"
        },
        {
          "label": "Happiness"
        },
        {
          "label": "Cheer Up"
        }
      ],
      "correct_index": 2,
      "explain": ""
    },
    {
      "text": "다음 중 Red Velvet의 곡이 **아닌** 것은?",
      "options": [
        {
          "label": "Red Flavor"
        },
        {
          "label": "Happiness"
        },
        {
          "label": "Psycho"
        },
        {
          "label": "Next Level"
        }
      ],
      "correct_index": 3,
      "explain": ""
    },
    {
      "text": "다음 중 Red Velvet의 곡은?",
      "options": [
        {
          "label": "Square Two"
        },
        {
          "label": "Perfect Red Velvet"
        },
        {
          "label": "Skool Luv Affair"
        },
        {
          "label": "The ReVe Festival 2022: Feel My Rhythm"
        }
      ],
      "correct_index": 3,
      "explain": ""
    },
    {
      "text": "다음 중 Red Velvet의 곡은?",
      "options": [
        {
          "label": "SEULGI"
        },
        {
          "label": "YERI"
        },
        {
          "label": "WENDY"
        },
        {
          "label": "JOY"
        }
      ],
      "correct_index": 2,
      "explain": ""
    }
  ],
  "scoring": {
    "per_question": 1,
    "correct_gets": 1,
    "wrong_gets": 0
  },
  "result_bands": [
    {
      "min": 0,
      "max": 4,
      "label": "입문",
      "desc": "기본 정보부터 차근차근 익혀봐요."
    },
    {
      "min": 5,
      "max": 8,
      "label": "중수",
      "desc": "꽤 알고 있어요. 콘셉트/활동도 더 파보면 좋아요."
    },
    {
      "min": 9,
      "max": 11,
      "label": "고수",
      "desc": "활동과 음악을 폭넓게 알고 있네요!"
    },
    {
      "min": 12,
      "max": 12,
      "label": "마스터",
      "desc": "덕력 만렙! 디스코그래피와 활동까지 섭렵했습니다."
    }
  ],
  "disclaimer": "이 테스트는 팬 활동을 재미로 점검하는 용도로 제작되었습니다."
}