{
  "slug": "seventeen-fandom",
  "title": "SEVENTEEN 덕력 테스트",
  "type": "mcq",
  "category": "덕력 테스트",
  "badge": "덕력",
  "questions": [
    {
      "text": "다음 중 SEVENTEEN 멤버가 **아닌** 사람은?",
      "options": [
        {
          "label": "VERNON"
        },
        {
          "label": "JOSHUA"
        },
        {
          "label": "홍길동"
        },
        {
          "label": "JUN"
        }
      ],
      "correct_index": 2,
      "explain": ""
    },
    {
      "text": "SEVENTEEN의 공식 팬덤명은?",
      "options": [
        {
          "label": "BLINK"
        },
        {
          "label": "ARMY"
        },
        {
          "label": "STAY"
        },
        {
          "label": "ONCE"
        },
        {
          "label": "CARAT"
        }
      ],
      "correct_index": 4,
      "explain": ""
    },
    {
      "text": "SEVENTEEN의 소속(레이블)은?",
      "options": [
        {
          "label": "PLEDIS Entertainment"
        },
        {
          "label": "ADOR"
        },
        {
          "label": "YG Entertainment"
        },
        {
          "label": "SOURCE MUSIC"
        },
        {
          "label": "Starship Entertainment"
        },
        {
          "label": "JYP Entertainment"
        },
        {
          "label": "SM Entertainment"
        }
      ],
      "correct_index": 0,
      "explain": ""
    },
    {
      "text": "SEVENTEEN의 현재 구성원 수는?",
      "options": [
        {
          "label": "12"
        },
        {
          "label": "15"
        },
        {
          "label": "14"
        },
        {
          "label": "13"
        }
      ],
      "correct_index": 3,
      "explain": ""
    },
    {
      "text": "SEVENTEEN의 데뷔 연도는?",
      "options": [
        {
          "label": "2017"
        },
        {
          "label": "2016"
        },
        {
          "label": "2014"
        },
        {
          "label": "2015"
        }
      ],
      "correct_index": 3,
      "explain": ""
    },
    {
      "text": "다음 중 SEVENTEEN의 곡은?",
      "options": [
        {
          "label": "Eleven"
        },
        {
          "label": "District 9"
        },
        {
          "label": "Adore U"
        },
        {
          "label": "Next Level"
        }
      ],
      "correct_index": 2,
      "explain": ""
    },
    {
      "text": "다음 중 SEVENTEEN의 곡이 **아닌** 것은?",
      "options": [
        {
          "label": "District 9"
        },
        {
          "label": "Don't Wanna Cry"
        },
        {
          "label": "Adore U"
        },
        {
          "label": "Very Nice"
        }
      ],
      "correct_index": 0,
      "explain": ""
    },
    {
      "text": "SEVENTEEN의 리더는?",
      "options": [
        {
          "label": "JOSHUA"
        },
        {
          "label": "S.COUPS"
        },
        {
          "label": "MINGYU"
        },
        {
          "label": "DINO"
        }
      ],
      "correct_index": 1,
      "explain": ""
    },
    {
      "text": "다음 중 SEVENTEEN의 곡은?",
      "options": [
        {
          "label": "Cheer Up"
        },
        {
          "label": "TT"
        },
        {
          "label": "Adore U"
        },
        {
          "label": "Hype Boy"
        }
      ],
      "correct_index": 2,
      "explain": ""
    },
    {
      "text": "다음 중 SEVENTEEN의 곡이 **아닌** 것은?",
      "options": [
        {
          "label": "Adore U"
        },
        {
          "label": "Very Nice"
        },
        {
          "label": "Don't Wanna Cry"
        },
        {
          "label": "Next Level"
        }
      ],
      "correct_index": 3,
      "explain": ""
    },
    {
      "text": "다음 중 SEVENTEEN의 곡은?",
      "options": [
        {
          "label": "An Ode"
        },
        {
          "label": "Skool Luv Affair"
        },
        {
          "label": "Perfect Red Velvet"
        },
        {
          "label": "Square Two"
        }
      ],
      "correct_index": 0,
      "explain": ""
    },
    {
      "text": "다음 중 SEVENTEEN의 곡은?",
      "options": [
        {
          "label": "SEUNGKWAN"
        },
        {
          "label": "JUN"
        },
        {
          "label": "WOOZI"
        },
        {
          "label": "DK"
        }
      ],
      "correct_index": 3,
      "explain": ""
    }
  ],
  "scoring": {
    "per_question": 1,
    "correct_gets": 1,
    "wrong_gets": 0
  },
  "result_bands": [
    {
      "min": 0,
      "max": 4,
      "label": "입문",
      "desc": "기본 정보부터 차근차근 익혀봐요."
    },
    {
      "min": 5,
      "max": 8,
      "label": "중수",
      "desc": "꽤 알고 있어요. 콘셉트/활동도 더 파보면 좋아요."
    },
    {
      "min": 9,
      "max": 11,
      "label": "고수",
      "desc": "활동과 음악을 폭넓게 알고 있네요!"
    },
    {
      "min": 12,
      "max": 12,
      "label": "마스터",
      "desc": "덕력 만렙! 디스코그래피와 활동까지 섭렵했습니다."
    }
  ],
  "disclaimer": "이 테스트는 팬 활동을 재미로 점검하는 용도로 제작되었습니다."
}