{
  "slug": "stray-kids-fandom",
  "title": "Stray Kids 덕력 테스트",
  "type": "mcq",
  "category": "덕력 테스트",
  "badge": "덕력",
  "questions": [
    {
      "text": "다음 중 Stray Kids 멤버가 **아닌** 사람은?",
      "options": [
        {
          "label": "홍길동"
        },
        {
          "label": "LEE KNOW"
        },
        {
          "label": "CHANGBIN"
        },
        {
          "label": "HAN"
        }
      ],
      "correct_index": 0,
      "explain": ""
    },
    {
      "text": "Stray Kids의 공식 팬덤명은?",
      "options": [
        {
          "label": "STAY"
        },
        {
          "label": "BLINK"
        },
        {
          "label": "STAY"
        },
        {
          "label": "ONCE"
        },
        {
          "label": "ARMY"
        }
      ],
      "correct_index": 0,
      "explain": ""
    },
    {
      "text": "Stray Kids의 소속(레이블)은?",
      "options": [
        {
          "label": "SM Entertainment"
        },
        {
          "label": "ADOR"
        },
        {
          "label": "JYP Entertainment"
        },
        {
          "label": "Starship Entertainment"
        },
        {
          "label": "JYP Entertainment"
        },
        {
          "label": "YG Entertainment"
        },
        {
          "label": "SOURCE MUSIC"
        }
      ],
      "correct_index": 2,
      "explain": ""
    },
    {
      "text": "Stray Kids의 현재 구성원 수는?",
      "options": [
        {
          "label": "8"
        },
        {
          "label": "10"
        },
        {
          "label": "9"
        },
        {
          "label": "7"
        }
      ],
      "correct_index": 0,
      "explain": ""
    },
    {
      "text": "Stray Kids의 데뷔 연도는?",
      "options": [
        {
          "label": "2017"
        },
        {
          "label": "2019"
        },
        {
          "label": "2018"
        },
        {
          "label": "2020"
        }
      ],
      "correct_index": 2,
      "explain": ""
    },
    {
      "text": "다음 중 Stray Kids의 곡은?",
      "options": [
        {
          "label": "District 9"
        },
        {
          "label": "Feel My Rhythm"
        },
        {
          "label": "FEARLESS"
        },
        {
          "label": "DDU-DU DDU-DU"
        }
      ],
      "correct_index": 0,
      "explain": ""
    },
    {
      "text": "다음 중 Stray Kids의 곡이 **아닌** 것은?",
      "options": [
        {
          "label": "God's Menu"
        },
        {
          "label": "District 9"
        },
        {
          "label": "Feel My Rhythm"
        },
        {
          "label": "Thunderous"
        }
      ],
      "correct_index": 2,
      "explain": ""
    },
    {
      "text": "Stray Kids의 리더는?",
      "options": [
        {
          "label": "BANG CHAN"
        },
        {
          "label": "I.N"
        },
        {
          "label": "SEUNGMIN"
        },
        {
          "label": "FELIX"
        }
      ],
      "correct_index": 0,
      "explain": ""
    },
    {
      "text": "다음 중 Stray Kids의 곡은?",
      "options": [
        {
          "label": "Cheer Up"
        },
        {
          "label": "Hype Boy"
        },
        {
          "label": "TT"
        },
        {
          "label": "District 9"
        }
      ],
      "correct_index": 3,
      "explain": ""
    },
    {
      "text": "다음 중 Stray Kids의 곡이 **아닌** 것은?",
      "options": [
        {
          "label": "Thunderous"
        },
        {
          "label": "Next Level"
        },
        {
          "label": "District 9"
        },
        {
          "label": "God's Menu"
        }
      ],
      "correct_index": 1,
      "explain": ""
    },
    {
      "text": "다음 중 Stray Kids의 곡은?",
      "options": [
        {
          "label": "Skool Luv Affair"
        },
        {
          "label": "GO生"
        },
        {
          "label": "Square Two"
        },
        {
          "label": "Perfect Red Velvet"
        }
      ],
      "correct_index": 1,
      "explain": ""
    },
    {
      "text": "다음 중 Stray Kids의 곡은?",
      "options": [
        {
          "label": "CHANGBIN"
        },
        {
          "label": "FELIX"
        },
        {
          "label": "SEUNGMIN"
        },
        {
          "label": "HAN"
        }
      ],
      "correct_index": 2,
      "explain": ""
    }
  ],
  "scoring": {
    "per_question": 1,
    "correct_gets": 1,
    "wrong_gets": 0
  },
  "result_bands": [
    {
      "min": 0,
      "max": 4,
      "label": "입문",
      "desc": "기본 정보부터 차근차근 익혀봐요."
    },
    {
      "min": 5,
      "max": 8,
      "label": "중수",
      "desc": "꽤 알고 있어요. 콘셉트/활동도 더 파보면 좋아요."
    },
    {
      "min": 9,
      "max": 11,
      "label": "고수",
      "desc": "활동과 음악을 폭넓게 알고 있네요!"
    },
    {
      "min": 12,
      "max": 12,
      "label": "마스터",
      "desc": "덕력 만렙! 디스코그래피와 활동까지 섭렵했습니다."
    }
  ],
  "disclaimer": "이 테스트는 팬 활동을 재미로 점검하는 용도로 제작되었습니다."
}