{
  "slug": "txt-fandom",
  "title": "TXT 덕력 테스트",
  "type": "mcq",
  "category": "덕력 테스트",
  "badge": "덕력",
  "questions": [
    {
      "text": "다음 중 TXT 멤버가 **아닌** 사람은?",
      "options": [
        {
          "label": "홍길동"
        },
        {
          "label": "HUENINGKAI"
        },
        {
          "label": "YEONJUN"
        },
        {
          "label": "TAEHYUN"
        }
      ],
      "correct_index": 0,
      "explain": ""
    },
    {
      "text": "TXT의 공식 팬덤명은?",
      "options": [
        {
          "label": "ARMY"
        },
        {
          "label": "BLINK"
        },
        {
          "label": "STAY"
        },
        {
          "label": "MOA"
        },
        {
          "label": "ONCE"
        }
      ],
      "correct_index": 3,
      "explain": ""
    },
    {
      "text": "TXT의 소속(레이블)은?",
      "options": [
        {
          "label": "BIGHIT MUSIC"
        },
        {
          "label": "SM Entertainment"
        },
        {
          "label": "Starship Entertainment"
        },
        {
          "label": "YG Entertainment"
        },
        {
          "label": "JYP Entertainment"
        },
        {
          "label": "ADOR"
        },
        {
          "label": "SOURCE MUSIC"
        }
      ],
      "correct_index": 0,
      "explain": ""
    },
    {
      "text": "TXT의 현재 구성원 수는?",
      "options": [
        {
          "label": "5"
        },
        {
          "label": "7"
        },
        {
          "label": "4"
        },
        {
          "label": "6"
        }
      ],
      "correct_index": 0,
      "explain": ""
    },
    {
      "text": "TXT의 데뷔 연도는?",
      "options": [
        {
          "label": "2019"
        },
        {
          "label": "2021"
        },
        {
          "label": "2018"
        },
        {
          "label": "2020"
        }
      ],
      "correct_index": 0,
      "explain": ""
    },
    {
      "text": "다음 중 TXT의 곡은?",
      "options": [
        {
          "label": "CROWN"
        },
        {
          "label": "Next Level"
        },
        {
          "label": "Like OOH-AHH"
        },
        {
          "label": "BOOMBAYAH"
        }
      ],
      "correct_index": 0,
      "explain": ""
    },
    {
      "text": "다음 중 TXT의 곡이 **아닌** 것은?",
      "options": [
        {
          "label": "Sugar Rush Ride"
        },
        {
          "label": "BOOMBAYAH"
        },
        {
          "label": "CROWN"
        },
        {
          "label": "Blue Hour"
        }
      ],
      "correct_index": 1,
      "explain": ""
    },
    {
      "text": "TXT의 리더는?",
      "options": [
        {
          "label": "HUENINGKAI"
        },
        {
          "label": "SOOBIN"
        },
        {
          "label": "YEONJUN"
        },
        {
          "label": "TAEHYUN"
        }
      ],
      "correct_index": 1,
      "explain": ""
    },
    {
      "text": "다음 중 TXT의 곡은?",
      "options": [
        {
          "label": "TT"
        },
        {
          "label": "Cheer Up"
        },
        {
          "label": "Hype Boy"
        },
        {
          "label": "CROWN"
        }
      ],
      "correct_index": 3,
      "explain": ""
    },
    {
      "text": "다음 중 TXT의 곡이 **아닌** 것은?",
      "options": [
        {
          "label": "CROWN"
        },
        {
          "label": "Next Level"
        },
        {
          "label": "Sugar Rush Ride"
        },
        {
          "label": "Blue Hour"
        }
      ],
      "correct_index": 1,
      "explain": ""
    },
    {
      "text": "다음 중 TXT의 곡은?",
      "options": [
        {
          "label": "The Dream Chapter: STAR"
        },
        {
          "label": "Square Two"
        },
        {
          "label": "Perfect Red Velvet"
        },
        {
          "label": "Skool Luv Affair"
        }
      ],
      "correct_index": 0,
      "explain": ""
    },
    {
      "text": "다음 중 TXT의 곡은?",
      "options": [
        {
          "label": "HUENINGKAI"
        },
        {
          "label": "TAEHYUN"
        },
        {
          "label": "BEOMGYU"
        },
        {
          "label": "YEONJUN"
        }
      ],
      "correct_index": 1,
      "explain": ""
    }
  ],
  "scoring": {
    "per_question": 1,
    "correct_gets": 1,
    "wrong_gets": 0
  },
  "result_bands": [
    {
      "min": 0,
      "max": 4,
      "label": "입문",
      "desc": "기본 정보부터 차근차근 익혀봐요."
    },
    {
      "min": 5,
      "max": 8,
      "label": "중수",
      "desc": "꽤 알고 있어요. 콘셉트/활동도 더 파보면 좋아요."
    },
    {
      "min": 9,
      "max": 11,
      "label": "고수",
      "desc": "활동과 음악을 폭넓게 알고 있네요!"
    },
    {
      "min": 12,
      "max": 12,
      "label": "마스터",
      "desc": "덕력 만렙! 디스코그래피와 활동까지 섭렵했습니다."
    }
  ],
  "disclaimer": "이 테스트는 팬 활동을 재미로 점검하는 용도로 제작되었습니다."
}