{
  "slug": "couple-arguing2",
  "title": "커플 논쟁 테스트 2",
  "subtitle": "갈등 대처 전략 유형",
  "category": "연애&결혼",
  "badge": "커플",
  "author": "유형테스트",
  "version": "1.0.0",
  "scoring": {
    "engine": "sum-range"
  },
  "intro": "갈등을 다루는 기본 전략 성향을 살펴봅니다. 정답은 없어요. 서로의 다름을 이해하는 참고자료입니다.",
  "questions": [
    {
      "id": "q1",
      "title": "갈등 발생 시 1순위",
      "options": [
        {
          "id": "a",
          "label": "문제 해결",
          "score": 1
        },
        {
          "id": "b",
          "label": "관계 회복",
          "score": 0
        }
      ]
    },
    {
      "id": "q2",
      "title": "논리 vs 정서",
      "options": [
        {
          "id": "a",
          "label": "논리로 검증",
          "score": 1
        },
        {
          "id": "b",
          "label": "정서로 공감",
          "score": 0
        }
      ]
    },
    {
      "id": "q3",
      "title": "타임아웃",
      "options": [
        {
          "id": "a",
          "label": "필요 없다",
          "score": 1
        },
        {
          "id": "b",
          "label": "필요하다",
          "score": 0
        }
      ]
    },
    {
      "id": "q4",
      "title": "사과 방식",
      "options": [
        {
          "id": "a",
          "label": "원인·해결책부터",
          "score": 1
        },
        {
          "id": "b",
          "label": "감정 인정부터",
          "score": 0
        }
      ]
    },
    {
      "id": "q5",
      "title": "재발 방지",
      "options": [
        {
          "id": "a",
          "label": "규칙·리스트",
          "score": 1
        },
        {
          "id": "b",
          "label": "신뢰·분위기",
          "score": 0
        }
      ]
    },
    {
      "id": "q6",
      "title": "대화 채널",
      "options": [
        {
          "id": "a",
          "label": "문자·문서 선호",
          "score": 1
        },
        {
          "id": "b",
          "label": "대면·음성 선호",
          "score": 0
        }
      ]
    },
    {
      "id": "q7",
      "title": "증거 요청",
      "options": [
        {
          "id": "a",
          "label": "객관성 강화",
          "score": 1
        },
        {
          "id": "b",
          "label": "신뢰 훼손 우려",
          "score": 0
        }
      ]
    },
    {
      "id": "q8",
      "title": "제3자 개입",
      "options": [
        {
          "id": "a",
          "label": "객관화에 도움",
          "score": 1
        },
        {
          "id": "b",
          "label": "사적인 문제라 불편",
          "score": 0
        }
      ]
    },
    {
      "id": "q9",
      "title": "과거 이슈",
      "options": [
        {
          "id": "a",
          "label": "재발 방지 위해 다룬다",
          "score": 1
        },
        {
          "id": "b",
          "label": "재점화 위험, 피한다",
          "score": 0
        }
      ]
    },
    {
      "id": "q10",
      "title": "마무리",
      "options": [
        {
          "id": "a",
          "label": "합의서·체크",
          "score": 1
        },
        {
          "id": "b",
          "label": "격려·스킨십",
          "score": 0
        }
      ]
    }
  ],
  "results": [
    {
      "id": "solver",
      "title": "해결가",
      "range": [
        8,
        10
      ],
      "summary": "문제 중심, 재발 방지에 강함",
      "desc": "체계가 강점. 다만 정서적 회복을 놓치지 마세요.",
      "tips": [
        "감정 요약 후 해결책 제시",
        "속도 조절"
      ],
      "hashtags": [
        "#체계",
        "#재발방지"
      ]
    },
    {
      "id": "analyst",
      "title": "분석가",
      "range": [
        6,
        7
      ],
      "summary": "객관화·증거 선호",
      "desc": "신뢰를 깎지 않도록 공감 문장을 먼저.",
      "tips": [
        "I-메시지 사용",
        "검증은 합의 후"
      ],
      "hashtags": [
        "#팩트",
        "#공감"
      ]
    },
    {
      "id": "harmonizer",
      "title": "조율가",
      "range": [
        3,
        5
      ],
      "summary": "감정·관계 회복 우선",
      "desc": "문제 재발 방지를 위한 합의 절차도 챙겨요.",
      "tips": [
        "마무리 체크리스트",
        "타임아웃 신호"
      ],
      "hashtags": [
        "#공감",
        "#회복"
      ]
    },
    {
      "id": "avoider",
      "title": "회피가",
      "range": [
        0,
        2
      ],
      "summary": "갈등 회피 경향",
      "desc": "불꽃을 피하지만, 잔불이 남을 수 있어요.",
      "tips": [
        "짧은 대화라도 주기적으로",
        "작은 합의부터"
      ],
      "hashtags": [
        "#안전",
        "#대화시작"
      ]
    }
  ]
}