{
  "slug": "love-style",
  "title": "이번 달 내 사랑운",
  "subtitle": "12문항으로 보는 이달의 연애 흐름 (엔터테인먼트)",
  "category": "연애&결혼",
  "badge": "운세",
  "author": "유형테스트",
  "version": "1.0.0",
  "scoring": {
    "engine": "sum-range"
  },
  "intro": "이번 달의 컨디션·여건·마음가짐을 바탕으로 연애 기회의 흐름을 가볍게 점쳐보는 엔터테인먼트 테스트입니다. 각 문항에서 더 가까운 쪽을 골라 주세요.",
  "questions": [
    {
      "id": "q1",
      "title": "이번 달 일정은?",
      "options": [
        {
          "id": "a",
          "label": "여유가 생겨 약속 잡기 좋다",
          "score": 1
        },
        {
          "id": "b",
          "label": "바쁘고 변수가 많다",
          "score": 0
        }
      ]
    },
    {
      "id": "q2",
      "title": "요즘 감정 컨디션은?",
      "options": [
        {
          "id": "a",
          "label": "안정적이고 긍정적이다",
          "score": 1
        },
        {
          "id": "b",
          "label": "들쑥날쑥하거나 예민하다",
          "score": 0
        }
      ]
    },
    {
      "id": "q3",
      "title": "새로운 만남에 대한 마음은?",
      "options": [
        {
          "id": "a",
          "label": "새 모임·소개도 괜찮다",
          "score": 1
        },
        {
          "id": "b",
          "label": "익숙한 사람들과만 지내고 싶다",
          "score": 0
        }
      ]
    },
    {
      "id": "q4",
      "title": "메시지/연락 응답 속도는?",
      "options": [
        {
          "id": "a",
          "label": "가능하면 빠르게 답하는 편",
          "score": 1
        },
        {
          "id": "b",
          "label": "한번에 몰아서 천천히",
          "score": 0
        }
      ]
    },
    {
      "id": "q5",
      "title": "자기관리(외모/컨디션)는?",
      "options": [
        {
          "id": "a",
          "label": "꾸준히 챙기는 중",
          "score": 1
        },
        {
          "id": "b",
          "label": "요즘은 대충/쉬고 싶다",
          "score": 0
        }
      ]
    },
    {
      "id": "q6",
      "title": "데이트/만남 계획은?",
      "options": [
        {
          "id": "a",
          "label": "미리 후보지를 찾아 두는 편",
          "score": 1
        },
        {
          "id": "b",
          "label": "즉흥이 편하다",
          "score": 0
        }
      ]
    },
    {
      "id": "q7",
      "title": "과거 관계에 대한 미련은?",
      "options": [
        {
          "id": "a",
          "label": "충분히 정리했다",
          "score": 1
        },
        {
          "id": "b",
          "label": "아직 마음이 남아있다",
          "score": 0
        }
      ]
    },
    {
      "id": "q8",
      "title": "지인 소개/네트워킹은?",
      "options": [
        {
          "id": "a",
          "label": "가벼운 소개도 열려 있다",
          "score": 1
        },
        {
          "id": "b",
          "label": "부담스러워 피하고 싶다",
          "score": 0
        }
      ]
    },
    {
      "id": "q9",
      "title": "프로필/SNS 업데이트는?",
      "options": [
        {
          "id": "a",
          "label": "최근에 사진·소개를 업데이트했다",
          "score": 1
        },
        {
          "id": "b",
          "label": "오래된 상태 그대로다",
          "score": 0
        }
      ]
    },
    {
      "id": "q10",
      "title": "이번 달 데이트 예산은?",
      "options": [
        {
          "id": "a",
          "label": "가성비+한 번쯤은 투자 가능",
          "score": 1
        },
        {
          "id": "b",
          "label": "최소한으로 아끼는 편",
          "score": 0
        }
      ]
    },
    {
      "id": "q11",
      "title": "이동/여행 계획(근교 포함)은?",
      "options": [
        {
          "id": "a",
          "label": "있다 — 새로운 장소를 방문할 예정",
          "score": 1
        },
        {
          "id": "b",
          "label": "없다 — 집/회사-집 루틴 유지",
          "score": 0
        }
      ]
    },
    {
      "id": "q12",
      "title": "운을 여는 작은 실천은?",
      "options": [
        {
          "id": "a",
          "label": "이번 주 안에 시도할 행동이 있다",
          "score": 1
        },
        {
          "id": "b",
          "label": "나중으로 미루는 편",
          "score": 0
        }
      ]
    }
  ],
  "results": [
    {
      "id": "calm_check",
      "title": "잠시 점검기",
      "range": [
        0,
        2
      ],
      "summary": "시동 전 정비 기간. 급히 서두르기보다 내 컨디션을 정렬할 때.",
      "desc": "이번 달은 사랑운의 ‘시동 전 준비’가 핵심입니다. 루틴을 정돈하고 감정 에너지를 회복하면 말 한마디, 사진 한 장이 기회로 바뀝니다.",
      "strengths": [
        "무리하지 않는 침착함",
        "자기 보호감각",
        "현실적인 판단"
      ],
      "cautions": [
        "타이밍을 지나치게 놓침",
        "소극성으로 기회 축소"
      ],
      "tips": [
        "프로필 사진 1장 업데이트",
        "가까운 지인 1명과 근황 통화",
        "주 1회 운동/산책으로 컨디션 복구"
      ],
      "ideal_date": "부담 없는 산책+카페 1스팟",
      "communication": "요점+긍정 피드백 1문장으로 간결하게",
      "gift_idea": "작지만 매일 쓰는 실용템(핸드크림/텀블러)",
      "hashtags": [
        "#정비기간",
        "#천천히",
        "#셀프케어"
      ]
    },
    {
      "id": "warm_up",
      "title": "서서히 예열",
      "range": [
        3,
        4
      ],
      "summary": "기회가 싹트는 단계. 작은 제안과 가벼운 대화로 촉을 깨워요.",
      "desc": "관심의 신호가 주변에서 서서히 보일 수 있습니다. 가벼운 질문과 위트 있는 답변으로 스텝을 밟아 보세요.",
      "strengths": [
        "부담 없는 접근",
        "관찰 기반의 대화",
        "안정적인 톤"
      ],
      "cautions": [
        "안전지대에만 머무름",
        "결정 미루기"
      ],
      "tips": [
        "지인 소개받기 ‘괜찮아요’로 답해두기",
        "스토리/피드에 요즘 포인트 업로드",
        "점심 약속 30분 캐주얼 미팅"
      ],
      "ideal_date": "브런치/전시 1코스",
      "communication": "질문 1, 칭찬 1, 제안 1의 3콤보",
      "gift_idea": "취향 키워드 소소템",
      "hashtags": [
        "#워밍업",
        "#라이트",
        "#스몰토크"
      ]
    },
    {
      "id": "flow_on",
      "title": "온도 상승",
      "range": [
        5,
        6
      ],
      "summary": "접근하면 열리는 달. 타이밍만 맞추면 스르륵 연결돼요.",
      "desc": "나의 준비도와 외부 환경이 균형을 이루는 시기입니다. ‘선택지 2개 제안’ 전략이 유효합니다.",
      "strengths": [
        "균형감각",
        "꾸준함",
        "적극-배려 밸런스"
      ],
      "cautions": [
        "과도한 눈치 보기",
        "과한 검증으로 타이밍 지연"
      ],
      "tips": [
        "이번 주/다음 주 중 2개 날짜 제안",
        "동선이 좋은 2스팟 플랜 준비",
        "대화는 ‘공감→제안’ 순서"
      ],
      "ideal_date": "산책→맛집 2코스",
      "communication": "공감 1문장 후 선택지 제시",
      "gift_idea": "경험형 소확행(디저트/티세트)",
      "hashtags": [
        "#타이밍",
        "#밸런스",
        "#스무스"
      ]
    },
    {
      "id": "sparkle",
      "title": "설렘 가득",
      "range": [
        7,
        8
      ],
      "summary": "소개/썸운 강세. 새로운 연결이 활발해지는 달.",
      "desc": "주변 추천과 우연한 만남이 잦아질 수 있어요. 가벼운 일정이라도 ‘확정’만 해두면 관계가 빠르게 자랍니다.",
      "strengths": [
        "사람운 상승",
        "밝은 에너지",
        "계획→실행 전환력"
      ],
      "cautions": [
        "일정 과다로 체력 저하",
        "피상적 만남의 반복"
      ],
      "tips": [
        "소개·미팅 일정 1~2건 확정",
        "연락 템포 하루 1회는 유지",
        "프로필 최신화 유지"
      ],
      "ideal_date": "도심 라이트 액티비티(보드게임/플리마켓)",
      "communication": "유머 1, 칭찬 1, 리마인드 1",
      "gift_idea": "캐주얼 포토부스/폴라로이드",
      "hashtags": [
        "#설렘",
        "#소개운",
        "#밝음"
      ]
    },
    {
      "id": "direct_match",
      "title": "인연 직행",
      "range": [
        9,
        10
      ],
      "summary": "데이트운 최상. 진지한 만남/고백 타이밍 유리.",
      "desc": "주도권과 타이밍이 모두 당신 편입니다. 다만 속도를 상대의 호흡에 맞추면 완성도가 올라갑니다.",
      "strengths": [
        "결정력·실행력",
        "분위기 리드",
        "명확한 의사소통"
      ],
      "cautions": [
        "과열·오버케어",
        "상대 속도 미반영"
      ],
      "tips": [
        "선택지 2~3개 제안 후 함께 결정",
        "고백은 짧고 선명하게",
        "휴식 구간(노폰 타임) 설계"
      ],
      "ideal_date": "시그니처 스팟 1곳 집중",
      "communication": "핵심 메시지 1문장, 질문 1문장",
      "gift_idea": "원픽 하이퀄(꽃/초콜릿/기프트카드)",
      "hashtags": [
        "#직진",
        "#결정력",
        "#핵심"
      ]
    },
    {
      "id": "mega_lucky",
      "title": "메가 럭키",
      "range": [
        11,
        12
      ],
      "summary": "고백/재회/진전 모두에 행운이 강하게 붙는 달.",
      "desc": "컨디션·환경·타이밍이 일치하는 ‘골든 위크’가 있을 수 있어요. 과감한 시도도 고려해 볼 만합니다.",
      "strengths": [
        "운+준비의 합",
        "강한 끌림",
        "높은 회복력"
      ],
      "cautions": [
        "과도한 기대감으로 실망폭 확대",
        "선택과 집중 필요"
      ],
      "tips": [
        "핵심 일정 1~2개에 에너지 집중",
        "상대의 페이스 체크 후 속도 조절",
        "기대치 대신 합의된 계획에 집중"
      ],
      "ideal_date": "공연/야경 등 몰입형 1코스",
      "communication": "감정 라벨링 후 제안",
      "gift_idea": "작지만 기억에 남는 상징템",
      "hashtags": [
        "#행운폭발",
        "#골든타임",
        "#러키"
      ]
    }
  ]
}