{
  "slug": "aespa-fandom",
  "title": "aespa 덕력 테스트",
  "type": "mcq",
  "category": "덕력 테스트",
  "badge": "덕력",
  "questions": [
    {
      "text": "다음 중 aespa 멤버가 **아닌** 사람은?",
      "options": [
        {
          "label": "GISELLE"
        },
        {
          "label": "홍길동"
        },
        {
          "label": "NINGNING"
        },
        {
          "label": "WINTER"
        }
      ],
      "correct_index": 1,
      "explain": ""
    },
    {
      "text": "aespa의 공식 팬덤명은?",
      "options": [
        {
          "label": "STAY"
        },
        {
          "label": "ONCE"
        },
        {
          "label": "MY"
        },
        {
          "label": "ARMY"
        }
      ],
      "correct_index": 2,
      "explain": ""
    },
    {
      "text": "aespa의 소속(레이블)은?",
      "options": [
        {
          "label": "JYP Entertainment"
        },
        {
          "label": "SM Entertainment"
        },
        {
          "label": "YG Entertainment"
        },
        {
          "label": "SM Entertainment"
        }
      ],
      "correct_index": 1,
      "explain": ""
    },
    {
      "text": "aespa의 현재 구성원 수는?",
      "options": [
        {
          "label": "4"
        },
        {
          "label": "5"
        },
        {
          "label": "6"
        },
        {
          "label": "3"
        }
      ],
      "correct_index": 0,
      "explain": ""
    },
    {
      "text": "aespa의 데뷔 연도는?",
      "options": [
        {
          "label": "2019"
        },
        {
          "label": "2021"
        },
        {
          "label": "2020"
        },
        {
          "label": "2022"
        }
      ],
      "correct_index": 2,
      "explain": ""
    },
    {
      "text": "다음 중 aespa의 곡은?",
      "options": [
        {
          "label": "Boy With Luv"
        },
        {
          "label": "Black Mamba"
        },
        {
          "label": "TT"
        },
        {
          "label": "Attention"
        }
      ],
      "correct_index": 1,
      "explain": ""
    },
    {
      "text": "다음 중 aespa의 곡이 **아닌** 것은?",
      "options": [
        {
          "label": "Savage"
        },
        {
          "label": "Attention"
        },
        {
          "label": "Black Mamba"
        },
        {
          "label": "Next Level"
        }
      ],
      "correct_index": 1,
      "explain": ""
    },
    {
      "text": "aespa의 리더는?",
      "options": [
        {
          "label": "KARINA"
        },
        {
          "label": "WINTER"
        },
        {
          "label": "NINGNING"
        },
        {
          "label": "GISELLE"
        }
      ],
      "correct_index": 0,
      "explain": ""
    },
    {
      "text": "다음 중 aespa의 곡은?",
      "options": [
        {
          "label": "TT"
        },
        {
          "label": "Hype Boy"
        },
        {
          "label": "Cheer Up"
        },
        {
          "label": "Black Mamba"
        }
      ],
      "correct_index": 3,
      "explain": ""
    },
    {
      "text": "다음 중 aespa의 곡이 **아닌** 것은?",
      "options": [
        {
          "label": "Savage"
        },
        {
          "label": "Black Mamba"
        },
        {
          "label": "Next Level"
        },
        {
          "label": "Next Level"
        }
      ],
      "correct_index": 2,
      "explain": ""
    },
    {
      "text": "다음 중 aespa의 곡은?",
      "options": [
        {
          "label": "Skool Luv Affair"
        },
        {
          "label": "Perfect Red Velvet"
        },
        {
          "label": "Savage"
        },
        {
          "label": "Square Two"
        }
      ],
      "correct_index": 2,
      "explain": ""
    },
    {
      "text": "aespa의 메인보컬/보컬 라인에 속하는 인물은?",
      "options": [
        {
          "label": "WINTER"
        },
        {
          "label": "KARINA"
        },
        {
          "label": "NINGNING"
        },
        {
          "label": "GISELLE"
        }
      ],
      "correct_index": 0,
      "explain": ""
    }
  ],
  "scoring": {
    "per_question": 1,
    "correct_gets": 1,
    "wrong_gets": 0
  },
  "result_bands": [
    {
      "min": 0,
      "max": 4,
      "label": "입문",
      "desc": "기본 정보부터 차근차근 익혀봐요."
    },
    {
      "min": 5,
      "max": 8,
      "label": "중수",
      "desc": "꽤 알고 있어요. 콘셉트/활동도 더 파보면 좋아요."
    },
    {
      "min": 9,
      "max": 11,
      "label": "고수",
      "desc": "활동과 음악을 폭넓게 알고 있네요!"
    },
    {
      "min": 12,
      "max": 12,
      "label": "마스터",
      "desc": "덕력 만렙! 디스코그래피와 활동까지 섭렵했습니다."
    }
  ],
  "disclaimer": "이 테스트는 팬 활동을 재미로 점검하는 용도로 제작되었습니다."
}