{
  "slug": "blackpink-fandom",
  "title": "BLACKPINK 덕력 테스트",
  "type": "mcq",
  "category": "덕력 테스트",
  "badge": "덕력",
  "questions": [
    {
      "text": "다음 중 BLACKPINK 멤버가 **아닌** 사람은?",
      "options": [
        {
          "label": "LISA"
        },
        {
          "label": "JISOO"
        },
        {
          "label": "홍길동"
        },
        {
          "label": "JENNIE"
        }
      ],
      "correct_index": 2,
      "explain": ""
    },
    {
      "text": "BLACKPINK의 공식 팬덤명은?",
      "options": [
        {
          "label": "ARMY"
        },
        {
          "label": "BLINK"
        },
        {
          "label": "ONCE"
        },
        {
          "label": "STAY"
        }
      ],
      "correct_index": 1,
      "explain": ""
    },
    {
      "text": "BLACKPINK의 소속(레이블)은?",
      "options": [
        {
          "label": "YG Entertainment"
        },
        {
          "label": "JYP Entertainment"
        },
        {
          "label": "YG Entertainment"
        },
        {
          "label": "SM Entertainment"
        }
      ],
      "correct_index": 0,
      "explain": ""
    },
    {
      "text": "BLACKPINK의 현재 구성원 수는?",
      "options": [
        {
          "label": "6"
        },
        {
          "label": "3"
        },
        {
          "label": "4"
        },
        {
          "label": "5"
        }
      ],
      "correct_index": 2,
      "explain": ""
    },
    {
      "text": "BLACKPINK의 데뷔 연도는?",
      "options": [
        {
          "label": "2018"
        },
        {
          "label": "2016"
        },
        {
          "label": "2017"
        },
        {
          "label": "2015"
        }
      ],
      "correct_index": 1,
      "explain": ""
    },
    {
      "text": "다음 중 BLACKPINK의 곡은?",
      "options": [
        {
          "label": "Fearless"
        },
        {
          "label": "Hype Boy"
        },
        {
          "label": "DDU-DU DDU-DU"
        },
        {
          "label": "TOMBOY"
        }
      ],
      "correct_index": 2,
      "explain": ""
    },
    {
      "text": "다음 중 BLACKPINK의 곡이 **아닌** 것은?",
      "options": [
        {
          "label": "Fearless"
        },
        {
          "label": "How You Like That"
        },
        {
          "label": "Shut Down"
        },
        {
          "label": "DDU-DU DDU-DU"
        }
      ],
      "correct_index": 0,
      "explain": ""
    },
    {
      "text": "BLACKPINK의 리더는?",
      "options": [
        {
          "label": "LISA"
        },
        {
          "label": "공식 리더가 없다"
        },
        {
          "label": "JISOO"
        },
        {
          "label": "ROSÉ"
        }
      ],
      "correct_index": 1,
      "explain": ""
    },
    {
      "text": "다음 중 BLACKPINK의 곡은?",
      "options": [
        {
          "label": "BOOMBAYAH"
        },
        {
          "label": "TT"
        },
        {
          "label": "Cheer Up"
        },
        {
          "label": "Hype Boy"
        }
      ],
      "correct_index": 0,
      "explain": ""
    },
    {
      "text": "다음 중 BLACKPINK의 곡이 **아닌** 것은?",
      "options": [
        {
          "label": "Next Level"
        },
        {
          "label": "BOOMBAYAH"
        },
        {
          "label": "How You Like That"
        },
        {
          "label": "Shut Down"
        }
      ],
      "correct_index": 0,
      "explain": ""
    },
    {
      "text": "다음 중 BLACKPINK의 곡은?",
      "options": [
        {
          "label": "Skool Luv Affair"
        },
        {
          "label": "Square Two"
        },
        {
          "label": "THE ALBUM"
        },
        {
          "label": "Perfect Red Velvet"
        }
      ],
      "correct_index": 2,
      "explain": ""
    },
    {
      "text": "BLACKPINK의 메인보컬/보컬 라인에 속하는 인물은?",
      "options": [
        {
          "label": "LISA"
        },
        {
          "label": "JENNIE"
        },
        {
          "label": "JISOO"
        },
        {
          "label": "ROSÉ"
        }
      ],
      "correct_index": 3,
      "explain": ""
    }
  ],
  "scoring": {
    "per_question": 1,
    "correct_gets": 1,
    "wrong_gets": 0
  },
  "result_bands": [
    {
      "min": 0,
      "max": 4,
      "label": "입문",
      "desc": "기본 정보부터 차근차근 익혀봐요."
    },
    {
      "min": 5,
      "max": 8,
      "label": "중수",
      "desc": "꽤 알고 있어요. 콘셉트/활동도 더 파보면 좋아요."
    },
    {
      "min": 9,
      "max": 11,
      "label": "고수",
      "desc": "활동과 음악을 폭넓게 알고 있네요!"
    },
    {
      "min": 12,
      "max": 12,
      "label": "마스터",
      "desc": "덕력 만렙! 디스코그래피와 활동까지 섭렵했습니다."
    }
  ],
  "disclaimer": "이 테스트는 팬 활동을 재미로 점검하는 용도로 제작되었습니다."
}