{
  "slug": "love-hormone",
  "title": "연애 호르몬 테스트",
  "subtitle": "내 연애 에너지의 맛은?",
  "category": "연애&결혼",
  "badge": "성향",
  "author": "유형테스트",
  "version": "1.0.0",
  "scoring": {
    "engine": "sum-range"
  },
  "intro": "도파민·옥시토신·세로토닌·테스토스테론에서 착안한 '연애 에너지 감각'을 엔터테인먼트 관점에서 가볍게 살펴봅니다. 과학적 진단이 아닙니다.",
  "questions": [
    {
      "id": "q1",
      "title": "새로운 만남을 상상하면 설렌다",
      "options": [
        {
          "id": "a",
          "label": "그렇다",
          "score": 1
        },
        {
          "id": "b",
          "label": "아니다",
          "score": 0
        }
      ]
    },
    {
      "id": "q2",
      "title": "낯선 장소·활동에 호기심이 크다",
      "options": [
        {
          "id": "a",
          "label": "그렇다",
          "score": 1
        },
        {
          "id": "b",
          "label": "아니다",
          "score": 0
        }
      ]
    },
    {
      "id": "q3",
      "title": "스킨십·포옹이 관계에 매우 중요하다",
      "options": [
        {
          "id": "a",
          "label": "그렇다",
          "score": 1
        },
        {
          "id": "b",
          "label": "아니다",
          "score": 0
        }
      ]
    },
    {
      "id": "q4",
      "title": "눈맞춤·미소 등 비언어 신호에 민감하다",
      "options": [
        {
          "id": "a",
          "label": "그렇다",
          "score": 1
        },
        {
          "id": "b",
          "label": "아니다",
          "score": 0
        }
      ]
    },
    {
      "id": "q5",
      "title": "사소한 이벤트·기념일을 챙기는 편이다",
      "options": [
        {
          "id": "a",
          "label": "그렇다",
          "score": 1
        },
        {
          "id": "b",
          "label": "아니다",
          "score": 0
        }
      ]
    },
    {
      "id": "q6",
      "title": "연애에서 경쟁심이 동기 부여가 된다",
      "options": [
        {
          "id": "a",
          "label": "그렇다",
          "score": 1
        },
        {
          "id": "b",
          "label": "아니다",
          "score": 0
        }
      ]
    },
    {
      "id": "q7",
      "title": "일·운동 등에서 성취 욕구가 강하다",
      "options": [
        {
          "id": "a",
          "label": "그렇다",
          "score": 1
        },
        {
          "id": "b",
          "label": "아니다",
          "score": 0
        }
      ]
    },
    {
      "id": "q8",
      "title": "감정이 고조되면 행동력이 급상승한다",
      "options": [
        {
          "id": "a",
          "label": "그렇다",
          "score": 1
        },
        {
          "id": "b",
          "label": "아니다",
          "score": 0
        }
      ]
    },
    {
      "id": "q9",
      "title": "일과 사랑의 밸런스를 잘 조절한다",
      "options": [
        {
          "id": "a",
          "label": "그렇다",
          "score": 1
        },
        {
          "id": "b",
          "label": "아니다",
          "score": 0
        }
      ]
    },
    {
      "id": "q10",
      "title": "상대의 기분 변화에 빨리 반응한다",
      "options": [
        {
          "id": "a",
          "label": "그렇다",
          "score": 1
        },
        {
          "id": "b",
          "label": "아니다",
          "score": 0
        }
      ]
    },
    {
      "id": "q11",
      "title": "연애 중에도 혼자만의 시간이 꼭 필요하다",
      "options": [
        {
          "id": "a",
          "label": "그렇다",
          "score": 1
        },
        {
          "id": "b",
          "label": "아니다",
          "score": 0
        }
      ]
    },
    {
      "id": "q12",
      "title": "갈등 직후에도 금방 회복하는 편이다",
      "options": [
        {
          "id": "a",
          "label": "그렇다",
          "score": 1
        },
        {
          "id": "b",
          "label": "아니다",
          "score": 0
        }
      ]
    },
    {
      "id": "q13",
      "title": "상대의 장점을 크게 확대해 보는 경향이 있다",
      "options": [
        {
          "id": "a",
          "label": "그렇다",
          "score": 1
        },
        {
          "id": "b",
          "label": "아니다",
          "score": 0
        }
      ]
    },
    {
      "id": "q14",
      "title": "스릴 있는 데이트를 좋아한다",
      "options": [
        {
          "id": "a",
          "label": "그렇다",
          "score": 1
        },
        {
          "id": "b",
          "label": "아니다",
          "score": 0
        }
      ]
    },
    {
      "id": "q15",
      "title": "따뜻하고 안정적인 분위기가 가장 중요하다",
      "options": [
        {
          "id": "a",
          "label": "그렇다",
          "score": 1
        },
        {
          "id": "b",
          "label": "아니다",
          "score": 0
        }
      ]
    }
  ],
  "results": [
    {
      "id": "calm",
      "title": "잔잔·포근(0~4)",
      "range": [
        0,
        4
      ],
      "summary": "옥시토신·세로토닌 느낌의 안정형",
      "desc": "안정감·신뢰가 우선인 연애 에너지.",
      "ideal_date": "카페·산책·영화 등 잔잔 코스",
      "tips": [
        "안정 루틴 만들기",
        "일관된 애정 표현"
      ],
      "hashtags": [
        "#안정",
        "#신뢰"
      ]
    },
    {
      "id": "balanced",
      "title": "균형·온화(5~9)",
      "range": [
        5,
        9
      ],
      "summary": "안정·설렘의 균형",
      "desc": "상황에 맞게 온도 조절이 가능해요.",
      "ideal_date": "전시+식사 2코스",
      "tips": [
        "기대치 공유",
        "릴레이 이벤트"
      ],
      "hashtags": [
        "#균형",
        "#온도조절"
      ]
    },
    {
      "id": "active",
      "title": "활기·도전(10~12)",
      "range": [
        10,
        12
      ],
      "summary": "도파민·테스토스테론 느낌의 추진형",
      "desc": "설렘과 행동력이 높은 편.",
      "ideal_date": "액티비티·드라이브",
      "tips": [
        "속도 조절",
        "안전 규칙 합의"
      ],
      "hashtags": [
        "#설렘",
        "#행동"
      ]
    },
    {
      "id": "turbo",
      "title": "터보(13~15)",
      "range": [
        13,
        15
      ],
      "summary": "고에너지·고몰입",
      "desc": "타이밍을 놓치지 않는 스타일. 과열 주의!",
      "ideal_date": "테마파크·공연",
      "tips": [
        "휴식 신호",
        "회복 루틴"
      ],
      "hashtags": [
        "#고몰입",
        "#터보"
      ]
    }
  ]
}