{
  "slug": "love-rank",
  "title": "연애 직급 테스트",
  "subtitle": "질문 12개로 알아보는 내 연애 포지션",
  "category": "연애&결혼",
  "badge": "연애",
  "author": "유형테스트",
  "version": "1.1.0",
  "scoring": { "engine": "sum-range" },
  "intro": "연애할 때의 주도성, 소통 방식, 문제 해결 태도를 바탕으로 당신의 연애 '직급'을 추정합니다. 각 문항에서 더 가까운 쪽을 고르세요.",
  "questions": [
    {
      "id": "q1",
      "title": "소개팅 첫 만남에서 더 편한 건?",
      "options": [
        { "id": "a", "label": "분위기를 리드하며 대화를 이어간다", "score": 1 },
        { "id": "b", "label": "상대가 먼저 리드해주면 편하다", "score": 0 }
      ]
    },
    {
      "id": "q2",
      "title": "연락 템포는 어느 쪽에 가깝나?",
      "options": [
        { "id": "a", "label": "하루 한두 번은 꼭 연락한다", "score": 1 },
        { "id": "b", "label": "생각날 때 가끔 한다", "score": 0 }
      ]
    },
    {
      "id": "q3",
      "title": "썸 탈 때 약속 제안은?",
      "options": [
        { "id": "a", "label": "내가 먼저 날짜/장소를 제안한다", "score": 1 },
        { "id": "b", "label": "상대가 정하면 따르는 편이다", "score": 0 }
      ]
    },
    {
      "id": "q4",
      "title": "갈등이 생기면 나는?",
      "options": [
        { "id": "a", "label": "바로 대화로 풀려고 한다", "score": 1 },
        { "id": "b", "label": "일단 피하고 분위기를 본다", "score": 0 }
      ]
    },
    {
      "id": "q5",
      "title": "호감 표현 스타일은?",
      "options": [
        { "id": "a", "label": "티가 나는 편이다", "score": 1 },
        { "id": "b", "label": "은근하게 드러낸다", "score": 0 }
      ]
    },
    {
      "id": "q6",
      "title": "데이트 계획은 보통?",
      "options": [
        { "id": "a", "label": "일정과 동선을 촘촘히 잡는다", "score": 1 },
        { "id": "b", "label": "그때그때 즉흥적으로 간다", "score": 0 }
      ]
    },
    {
      "id": "q7",
      "title": "선물 고를 때 나는?",
      "options": [
        { "id": "a", "label": "상대 취향을 조사해 맞춤으로 준비", "score": 1 },
        { "id": "b", "label": "무난한 기본템으로 안전하게", "score": 0 }
      ]
    },
    {
      "id": "q8",
      "title": "친구/가족에게 소개는?",
      "options": [
        { "id": "a", "label": "맞다 싶으면 비교적 빠르게 소개", "score": 1 },
        { "id": "b", "label": "충분히 확인한 뒤 천천히", "score": 0 }
      ]
    },
    {
      "id": "q9",
      "title": "스킨십 속도에 대한 생각은?",
      "options": [
        { "id": "a", "label": "서로 괜찮다면 자연스럽게 빠르게", "score": 1 },
        { "id": "b", "label": "천천히 분위기 보며 맞춘다", "score": 0 }
      ]
    },
    {
      "id": "q10",
      "title": "이별 고민이 들 때 나는?",
      "options": [
        { "id": "a", "label": "문제를 진단하고 솔직하게 이야기", "score": 1 },
        { "id": "b", "label": "별일 아니라며 넘기다가 쌓인다", "score": 0 }
      ]
    },
    {
      "id": "q11",
      "title": "장거리/바쁜 스케줄이 되면?",
      "options": [
        { "id": "a", "label": "루틴과 규칙을 정해 꾸준히 유지", "score": 1 },
        { "id": "b", "label": "상황에 맞춰 유연하게 흘러간다", "score": 0 }
      ]
    },
    {
      "id": "q12",
      "title": "내 연애관에 더 가까운 문장은?",
      "options": [
        {
          "id": "a",
          "label": "서로 성장하며 장기적으로 가는 연애",
          "score": 1
        },
        { "id": "b", "label": "즐거움 우선, 가볍고 자유로운 연애", "score": 0 }
      ]
    }
  ],
  "results": [
    {
      "id": "intern",
      "title": "연애 인턴",
      "range": [0, 3],
      "summary": "설렘은 가득하지만 주도성은 아직 연습 중.",
      "desc": "연애를 시작하는 마음가짐과 호기심이 풍부합니다. 다만 관계의 속도와 방향을 잡는 데서는 주저할 때가 많아요. 작은 제안과 피드백을 통해 ‘내가 원하는 것’을 또렷하게 말하는 연습을 하면 관계 만족도가 빠르게 올라갑니다.",
      "strengths": [
        "순수한 호기심과 설렘",
        "상대의 변화에 민감한 관찰력",
        "갈등을 크게 만들지 않으려는 배려"
      ],
      "cautions": [
        "결정을 미루다 타이밍을 놓침",
        "상대 페이스에 과도하게 의존",
        "불편함을 표현하지 못해 쌓임"
      ],
      "tips": [
        "가벼운 데이트 코스 1개를 미리 준비",
        "연락 빈도·시간대를 합의로 정하기",
        "불편한 점을 메모로 정리 후 대화"
      ],
      "ideal_date": "부담 없는 1~2시간 산책 + 카페. 대화 소재 카드 3개 준비.",
      "communication": "칭찬·공감으로 시작 → 원하는 바를 1문장으로.",
      "gift_idea": "상대 취향 키워드 2개를 반영한 실용템(머그+티백, 폰 스트랩 등).",
      "good_match": ["사원", "대리"],
      "bad_match": ["임원"],
      "hashtags": ["#설렘많음", "#천천히", "#배려형"]
    },
    {
      "id": "staff",
      "title": "연애 사원",
      "range": [4, 5],
      "summary": "기본 매너와 배려는 갖춘 단계.",
      "desc": "상대의 신호를 잘 읽고 분위기를 해치지 않는 센스가 좋습니다. 다만 결정이 필요한 순간엔 한 발 더 나아가 방향을 제시할 때 매력이 크게 올라갑니다. 작은 리드 경험을 쌓아보세요.",
      "strengths": [
        "상대 감정에 공감 잘함",
        "분위기 해치지 않는 센스",
        "안정적인 소통 습관"
      ],
      "cautions": [
        "무난함에 머물러 매력 포인트가 흐려짐",
        "결정 회피로 기회 상실"
      ],
      "tips": [
        "데이트 제안은 날짜·장소·이유까지 패키지로",
        "갈등 조짐이 보이면 빠르게 톤다운 대화",
        "사소한 칭찬을 습관화"
      ],
      "ideal_date": "전시·영화 등 정해진 코스 + 근처 맛집 예약.",
      "communication": "선제 제안(선택지 2개) → 합의.",
      "gift_idea": "상대의 취미 카테고리에서 미니 업그레이드 아이템.",
      "good_match": ["인턴", "대리"],
      "bad_match": ["임원"],
      "hashtags": ["#기본탄탄", "#배려최상", "#무난강점"]
    },
    {
      "id": "assistant_manager",
      "title": "연애 대리",
      "range": [6, 7],
      "summary": "주도성과 배려의 균형이 좋은 실무형 리더.",
      "desc": "상대 속도에 맞추면서도 관계를 한 걸음 이끄는 타입입니다. 꾸준함과 성실함이 강점이라 장기적으로 신뢰를 얻습니다. 과한 책임감만 줄이면 이상적인 파트너가 되기 쉬운 포지션.",
      "strengths": [
        "꾸준함·책임감",
        "상대 맞춤 섬세함",
        "관계 리듬을 안정적으로 유지"
      ],
      "cautions": ["모든 걸 떠안다 번아웃", "감정 표현이 건조해 보일 수 있음"],
      "tips": [
        "일주일 루틴(연락/만남) 설정",
        "갈등 시 ‘사실-느낌-요구’ 3단계 사용",
        "서프라이즈보다 예고형 배려"
      ],
      "ideal_date": "체력 과소비 없는 코스 2개(산책→브런치 등).",
      "communication": "사실→느낌→요구 순서. 일정확정은 미리미리.",
      "gift_idea": "루틴을 업그레이드하는 실용템(스케줄러·텀블러).",
      "good_match": ["사원", "과장"],
      "bad_match": [],
      "hashtags": ["#꾸준함", "#밸런스형", "#실무리더"]
    },
    {
      "id": "manager",
      "title": "연애 과장",
      "range": [8, 9],
      "summary": "상황 리드와 문제 해결에 강한 추진형.",
      "desc": "관계의 흐름을 읽고 방향을 제시하는 능력이 뛰어나죠. 다만 지나친 속도와 통제는 피로감을 줄 수 있습니다. ‘선택지를 주고 함께 결정’하는 습관이 매력을 배가시킵니다.",
      "strengths": [
        "결단력·추진력",
        "문제 해결 집중도",
        "관계의 방향성을 제시"
      ],
      "cautions": ["상대 자율성 침해 위험", "속도 과열로 피로감 유발"],
      "tips": [
        "선택지 2~3개를 제안하고 함께 결정",
        "감정 공감 → 해결 순서 지키기",
        "상대의 일상 속 속도에 맞추기"
      ],
      "ideal_date": "테마가 분명한 액티비티(보드게임·전시 투어).",
      "communication": "공감 1문장 → 제안 2개 → 최종 합의.",
      "gift_idea": "경험형 선물(체험권·원데이 클래스).",
      "good_match": ["대리", "부장"],
      "bad_match": [],
      "hashtags": ["#추진력", "#결정력", "#리드형"]
    },
    {
      "id": "senior_manager",
      "title": "연애 부장",
      "range": [10, 11],
      "summary": "안정적인 리드와 신뢰를 주는 파트너.",
      "desc": "문제 예측과 예방에 강하고, 장기전에서 페이스 관리가 좋습니다. 때로는 즉흥성·놀이성을 더하면 따뜻함과 설렘이 살아납니다.",
      "strengths": ["장기전 페이스 조절", "위기관리·예방 능력", "높은 신뢰감"],
      "cautions": ["재미·변주가 부족해 권태감", "과도한 계획으로 유연성 저하"],
      "tips": [
        "계획 80% + 즉흥 20% 비율 유지",
        "칭찬/감사 표현 주 3회 루틴",
        "의견 충돌 시 타협안 2안 준비"
      ],
      "ideal_date": "계획적 동선+즉흥 한 스팟(야경, 길거리 먹거리).",
      "communication": "원칙은 짧게, 감정은 구체적으로.",
      "gift_idea": "취향 데이터 기반 커스텀 선물(각인 서비스 등).",
      "good_match": ["과장", "임원"],
      "bad_match": [],
      "hashtags": ["#신뢰감", "#예측가능", "#장기호흡"]
    },
    {
      "id": "executive",
      "title": "연애 임원",
      "range": [12, 12],
      "summary": "전략·실행·커뮤니케이션 모두 빠른 엘리트.",
      "desc": "빠른 판단과 실행으로 관계를 이끌 수 있지만, 감정선과 속도 조절을 놓치면 ‘압박’으로 느껴질 수 있어요. 여지를 주고 휴식 구간을 설계하면 매력이 크게 살아납니다.",
      "strengths": ["전략적 사고", "리소스 투입·실행력", "명확한 소통"],
      "cautions": ["과도한 주도·컨트롤", "상대 속도 미반영으로 마찰"],
      "tips": [
        "상대의 안전지대 확인 후 속도 결정",
        "문제 해결 전 ‘감정 라벨링’ 10초",
        "오버 케어 대신 자율성 존중"
      ],
      "ideal_date": "시그니처 경험 1개에 집중(공연 1석, 파인다이닝 등).",
      "communication": "질문 비중 50%로 만들기. 휴식 구간 설계.",
      "gift_idea": "하이퀄리티 원픽(좋은 한 가지).",
      "good_match": ["부장", "과장"],
      "bad_match": ["인턴"],
      "hashtags": ["#엘리트", "#속도감", "#리더십"]
    }
  ]
}
