{
  "slug": "spicy-mbti",
  "title": "MBTI 매운맛 테스트",
  "subtitle": "12문항, 선호의 끝맛까지!",
  "engine": {
    "type": "mbti-axes",
    "dimensions": [
      "EI",
      "SN",
      "TF",
      "JP"
    ]
  },
  "questions": [
    {
      "id": "q1",
      "title": "파티에서",
      "options": [
        {
          "id": "a",
          "label": "새 사람과 금방 섞인다",
          "effects": {
            "E": 1
          }
        },
        {
          "id": "b",
          "label": "아는 사람과 깊게 논다",
          "effects": {
            "I": 1
          }
        }
      ]
    },
    {
      "id": "q2",
      "title": "새 프로젝트 시작",
      "options": [
        {
          "id": "a",
          "label": "바로 실행하며 배우기",
          "effects": {
            "E": 1
          }
        },
        {
          "id": "b",
          "label": "자료 정리 후 설계",
          "effects": {
            "I": 1
          }
        }
      ]
    },
    {
      "id": "q3",
      "title": "정보 스타일",
      "options": [
        {
          "id": "a",
          "label": "사실·데이터가 최고",
          "effects": {
            "S": 1
          }
        },
        {
          "id": "b",
          "label": "아이디어·패턴이 즐겁다",
          "effects": {
            "N": 1
          }
        }
      ]
    },
    {
      "id": "q4",
      "title": "선택 기준",
      "options": [
        {
          "id": "a",
          "label": "논리·원리대로",
          "effects": {
            "T": 1
          }
        },
        {
          "id": "b",
          "label": "사람·상황 고려",
          "effects": {
            "F": 1
          }
        }
      ]
    },
    {
      "id": "q5",
      "title": "약속 관리",
      "options": [
        {
          "id": "a",
          "label": "캘린더 없인 불안",
          "effects": {
            "J": 1
          }
        },
        {
          "id": "b",
          "label": "대충 기억해도 OK",
          "effects": {
            "P": 1
          }
        }
      ]
    },
    {
      "id": "q6",
      "title": "문제 해결",
      "options": [
        {
          "id": "a",
          "label": "지금 있는 도구로 해결",
          "effects": {
            "S": 1
          }
        },
        {
          "id": "b",
          "label": "새로운 틀을 만들어 해결",
          "effects": {
            "N": 1
          }
        }
      ]
    },
    {
      "id": "q7",
      "title": "갈등 대응",
      "options": [
        {
          "id": "a",
          "label": "팩트부터 정리",
          "effects": {
            "T": 1
          }
        },
        {
          "id": "b",
          "label": "감정부터 풀기",
          "effects": {
            "F": 1
          }
        }
      ]
    },
    {
      "id": "q8",
      "title": "주말 계획",
      "options": [
        {
          "id": "a",
          "label": "계획표가 편안",
          "effects": {
            "J": 1
          }
        },
        {
          "id": "b",
          "label": "그때 기분 따라",
          "effects": {
            "P": 1
          }
        }
      ]
    },
    {
      "id": "q9",
      "title": "회의에서",
      "options": [
        {
          "id": "a",
          "label": "말하며 정리",
          "effects": {
            "E": 1
          }
        },
        {
          "id": "b",
          "label": "듣고 정리 후 말함",
          "effects": {
            "I": 1
          }
        }
      ]
    },
    {
      "id": "q10",
      "title": "학습 스타일",
      "options": [
        {
          "id": "a",
          "label": "예제·사례 중심",
          "effects": {
            "S": 1
          }
        },
        {
          "id": "b",
          "label": "개념·원리 중심",
          "effects": {
            "N": 1
          }
        }
      ]
    },
    {
      "id": "q11",
      "title": "의사결정",
      "options": [
        {
          "id": "a",
          "label": "원칙적·일관성",
          "effects": {
            "T": 1
          }
        },
        {
          "id": "b",
          "label": "상황별 유연성",
          "effects": {
            "F": 1
          }
        }
      ]
    },
    {
      "id": "q12",
      "title": "마감",
      "options": [
        {
          "id": "a",
          "label": "미리 차근차근",
          "effects": {
            "J": 1
          }
        },
        {
          "id": "b",
          "label": "끝에 터보 ON",
          "effects": {
            "P": 1
          }
        }
      ]
    }
  ],
  "results": [
    {
      "id": "INTJ",
      "title": "INTJ · 칼끝 전략가",
      "subtitle": "매운맛 취향 해설",
      "description": "INTJ 성향의 강점과 약점을 '한 톤 더 진하게' 본 버전입니다. 상황·관계에 따라 얼마든지 달라질 수 있어요.",
      "hashtags": [
        "#엔터테인먼트",
        "#자기이해"
      ]
    },
    {
      "id": "INTP",
      "title": "INTP · 실험적 사색가",
      "subtitle": "매운맛 취향 해설",
      "description": "INTP 성향의 강점과 약점을 '한 톤 더 진하게' 본 버전입니다. 상황·관계에 따라 얼마든지 달라질 수 있어요.",
      "hashtags": [
        "#엔터테인먼트",
        "#자기이해"
      ]
    },
    {
      "id": "ENTJ",
      "title": "ENTJ · 불도저 리더",
      "subtitle": "매운맛 취향 해설",
      "description": "ENTJ 성향의 강점과 약점을 '한 톤 더 진하게' 본 버전입니다. 상황·관계에 따라 얼마든지 달라질 수 있어요.",
      "hashtags": [
        "#엔터테인먼트",
        "#자기이해"
      ]
    },
    {
      "id": "ENTP",
      "title": "ENTP · 아이디어 폭격기",
      "subtitle": "매운맛 취향 해설",
      "description": "ENTP 성향의 강점과 약점을 '한 톤 더 진하게' 본 버전입니다. 상황·관계에 따라 얼마든지 달라질 수 있어요.",
      "hashtags": [
        "#엔터테인먼트",
        "#자기이해"
      ]
    },
    {
      "id": "INFJ",
      "title": "INFJ · 의미 수집가",
      "subtitle": "매운맛 취향 해설",
      "description": "INFJ 성향의 강점과 약점을 '한 톤 더 진하게' 본 버전입니다. 상황·관계에 따라 얼마든지 달라질 수 있어요.",
      "hashtags": [
        "#엔터테인먼트",
        "#자기이해"
      ]
    },
    {
      "id": "INFP",
      "title": "INFP · 감성 장인",
      "subtitle": "매운맛 취향 해설",
      "description": "INFP 성향의 강점과 약점을 '한 톤 더 진하게' 본 버전입니다. 상황·관계에 따라 얼마든지 달라질 수 있어요.",
      "hashtags": [
        "#엔터테인먼트",
        "#자기이해"
      ]
    },
    {
      "id": "ENFJ",
      "title": "ENFJ · 분위기 조율자",
      "subtitle": "매운맛 취향 해설",
      "description": "ENFJ 성향의 강점과 약점을 '한 톤 더 진하게' 본 버전입니다. 상황·관계에 따라 얼마든지 달라질 수 있어요.",
      "hashtags": [
        "#엔터테인먼트",
        "#자기이해"
      ]
    },
    {
      "id": "ENFP",
      "title": "ENFP · 자유 구름",
      "subtitle": "매운맛 취향 해설",
      "description": "ENFP 성향의 강점과 약점을 '한 톤 더 진하게' 본 버전입니다. 상황·관계에 따라 얼마든지 달라질 수 있어요.",
      "hashtags": [
        "#엔터테인먼트",
        "#자기이해"
      ]
    },
    {
      "id": "ISTJ",
      "title": "ISTJ · 디테일 집사",
      "subtitle": "매운맛 취향 해설",
      "description": "ISTJ 성향의 강점과 약점을 '한 톤 더 진하게' 본 버전입니다. 상황·관계에 따라 얼마든지 달라질 수 있어요.",
      "hashtags": [
        "#엔터테인먼트",
        "#자기이해"
      ]
    },
    {
      "id": "ISFJ",
      "title": "ISFJ · 돌봄 설계사",
      "subtitle": "매운맛 취향 해설",
      "description": "ISFJ 성향의 강점과 약점을 '한 톤 더 진하게' 본 버전입니다. 상황·관계에 따라 얼마든지 달라질 수 있어요.",
      "hashtags": [
        "#엔터테인먼트",
        "#자기이해"
      ]
    },
    {
      "id": "ESTJ",
      "title": "ESTJ · 원칙 집행자",
      "subtitle": "매운맛 취향 해설",
      "description": "ESTJ 성향의 강점과 약점을 '한 톤 더 진하게' 본 버전입니다. 상황·관계에 따라 얼마든지 달라질 수 있어요.",
      "hashtags": [
        "#엔터테인먼트",
        "#자기이해"
      ]
    },
    {
      "id": "ESFJ",
      "title": "ESFJ · 분위기 메이커",
      "subtitle": "매운맛 취향 해설",
      "description": "ESFJ 성향의 강점과 약점을 '한 톤 더 진하게' 본 버전입니다. 상황·관계에 따라 얼마든지 달라질 수 있어요.",
      "hashtags": [
        "#엔터테인먼트",
        "#자기이해"
      ]
    },
    {
      "id": "ISTP",
      "title": "ISTP · 문제 해결러",
      "subtitle": "매운맛 취향 해설",
      "description": "ISTP 성향의 강점과 약점을 '한 톤 더 진하게' 본 버전입니다. 상황·관계에 따라 얼마든지 달라질 수 있어요.",
      "hashtags": [
        "#엔터테인먼트",
        "#자기이해"
      ]
    },
    {
      "id": "ISFP",
      "title": "ISFP · 감각 예술가",
      "subtitle": "매운맛 취향 해설",
      "description": "ISFP 성향의 강점과 약점을 '한 톤 더 진하게' 본 버전입니다. 상황·관계에 따라 얼마든지 달라질 수 있어요.",
      "hashtags": [
        "#엔터테인먼트",
        "#자기이해"
      ]
    },
    {
      "id": "ESTP",
      "title": "ESTP · 현장 해결사",
      "subtitle": "매운맛 취향 해설",
      "description": "ESTP 성향의 강점과 약점을 '한 톤 더 진하게' 본 버전입니다. 상황·관계에 따라 얼마든지 달라질 수 있어요.",
      "hashtags": [
        "#엔터테인먼트",
        "#자기이해"
      ]
    },
    {
      "id": "ESFP",
      "title": "ESFP · 즉흥 퍼포머",
      "subtitle": "매운맛 취향 해설",
      "description": "ESFP 성향의 강점과 약점을 '한 톤 더 진하게' 본 버전입니다. 상황·관계에 따라 얼마든지 달라질 수 있어요.",
      "hashtags": [
        "#엔터테인먼트",
        "#자기이해"
      ]
    }
  ]
}